Site,Date,Depth,Transect,Species,Size,Status,Number Observations,Notes
Sharp Island,2024-08-05,2_3_m,T1,Porites lutea,Large,Pigmented,0,I created the whole database only for the first site. Later you can use funcion complete in R to fill missing lines
Sharp Island,2024-08-05,2_3_m,T1,Porites lutea,Large,Partial bleached,0,
Sharp Island,2024-08-05,2_3_m,T1,Porites lutea,Large,Bleached,0,
Sharp Island,2024-08-05,2_3_m,T1,Porites lutea,Large,Dead,0,
Sharp Island,2024-08-05,2_3_m,T1,Porites lutea,Medium,Pigmented,3,
Sharp Island,2024-08-05,2_3_m,T1,Porites lutea,Medium,Partial bleached,4,
Sharp Island,2024-08-05,2_3_m,T1,Porites lutea,Medium,Bleached,2,
Sharp Island,2024-08-05,2_3_m,T1,Porites lutea,Medium,Dead,0,
Sharp Island,2024-08-05,2_3_m,T1,Porites lutea,Small,Pigmented,2,
Sharp Island,2024-08-05,2_3_m,T1,Porites lutea,Small,Partial bleached,1,
Sharp Island,2024-08-05,2_3_m,T1,Porites lutea,Small,Bleached,0,
Sharp Island,2024-08-05,2_3_m,T1,Porites lutea,Small,Dead,0,
Sharp Island,2024-08-05,2_3_m,T1,Platygyra carnosus / acuta,Large,Pigmented,0,
Sharp Island,2024-08-05,2_3_m,T1,Platygyra carnosus / acuta,Large,Partial bleached,0,
Sharp Island,2024-08-05,2_3_m,T1,Platygyra carnosus / acuta,Large,Bleached,0,
Sharp Island,2024-08-05,2_3_m,T1,Platygyra carnosus / acuta,Large,Dead,0,
Sharp Island,2024-08-05,2_3_m,T1,Platygyra carnosus / acuta,Medium,Pigmented,0,
Sharp Island,2024-08-05,2_3_m,T1,Platygyra carnosus / acuta,Medium,Partial bleached,0,
Sharp Island,2024-08-05,2_3_m,T1,Platygyra carnosus / acuta,Medium,Bleached,0,
Sharp Island,2024-08-05,2_3_m,T1,Platygyra carnosus / acuta,Medium,Dead,0,
Sharp Island,2024-08-05,2_3_m,T1,Platygyra carnosus / acuta,Small,Pigmented,0,
Sharp Island,2024-08-05,2_3_m,T1,Platygyra carnosus / acuta,Small,Partial bleached,1,
Sharp Island,2024-08-05,2_3_m,T1,Platygyra carnosus / acuta,Small,Bleached,0,
Sharp Island,2024-08-05,2_3_m,T1,Platygyra carnosus / acuta,Small,Dead,0,
Sharp Island,2024-08-05,2_3_m,T1,Pavona decussata,Large,Pigmented,11,
Sharp Island,2024-08-05,2_3_m,T1,Pavona decussata,Large,Partial bleached,8,
Sharp Island,2024-08-05,2_3_m,T1,Pavona decussata,Large,Bleached,2,
Sharp Island,2024-08-05,2_3_m,T1,Pavona decussata,Large,Dead,0,
Sharp Island,2024-08-05,2_3_m,T1,Pavona decussata,Medium,Pigmented,6,
Sharp Island,2024-08-05,2_3_m,T1,Pavona decussata,Medium,Partial bleached,3,
Sharp Island,2024-08-05,2_3_m,T1,Pavona decussata,Medium,Bleached,0,
Sharp Island,2024-08-05,2_3_m,T1,Pavona decussata,Medium,Dead,0,
Sharp Island,2024-08-05,2_3_m,T1,Pavona decussata,Small,Pigmented,3,
Sharp Island,2024-08-05,2_3_m,T1,Pavona decussata,Small,Partial bleached,0,
Sharp Island,2024-08-05,2_3_m,T1,Pavona decussata,Small,Bleached,0,
Sharp Island,2024-08-05,2_3_m,T1,Pavona decussata,Small,Dead,0,
Sharp Island,2024-08-05,2_3_m,T1,Turbinaria peltata,Large,Pigmented,0,
Sharp Island,2024-08-05,2_3_m,T1,Turbinaria peltata,Large,Partial bleached,0,
Sharp Island,2024-08-05,2_3_m,T1,Turbinaria peltata,Large,Bleached,0,
Sharp Island,2024-08-05,2_3_m,T1,Turbinaria peltata,Large,Dead,0,
Sharp Island,2024-08-05,2_3_m,T1,Turbinaria peltata,Medium,Pigmented,0,
Sharp Island,2024-08-05,2_3_m,T1,Turbinaria peltata,Medium,Partial bleached,0,
Sharp Island,2024-08-05,2_3_m,T1,Turbinaria peltata,Medium,Bleached,0,
Sharp Island,2024-08-05,2_3_m,T1,Turbinaria peltata,Medium,Dead,0,
Sharp Island,2024-08-05,2_3_m,T1,Turbinaria peltata,Small,Pigmented,0,
Sharp Island,2024-08-05,2_3_m,T1,Turbinaria peltata,Small,Partial bleached,0,
Sharp Island,2024-08-05,2_3_m,T1,Turbinaria peltata,Small,Bleached,0,
Sharp Island,2024-08-05,2_3_m,T1,Turbinaria peltata,Small,Dead,0,
Sharp Island,2024-08-05,2_3_m,T1,Goniopora columna or sp.,Large,Pigmented,0,
Sharp Island,2024-08-05,2_3_m,T1,Goniopora columna or sp.,Large,Partial bleached,0,
Sharp Island,2024-08-05,2_3_m,T1,Goniopora columna or sp.,Large,Bleached,0,
Sharp Island,2024-08-05,2_3_m,T1,Goniopora columna or sp.,Large,Dead,0,
Sharp Island,2024-08-05,2_3_m,T1,Goniopora columna or sp.,Medium,Pigmented,0,
Sharp Island,2024-08-05,2_3_m,T1,Goniopora columna or sp.,Medium,Partial bleached,0,
Sharp Island,2024-08-05,2_3_m,T1,Goniopora columna or sp.,Medium,Bleached,0,
Sharp Island,2024-08-05,2_3_m,T1,Goniopora columna or sp.,Medium,Dead,0,
Sharp Island,2024-08-05,2_3_m,T1,Goniopora columna or sp.,Small,Pigmented,0,
Sharp Island,2024-08-05,2_3_m,T1,Goniopora columna or sp.,Small,Partial bleached,0,
Sharp Island,2024-08-05,2_3_m,T1,Goniopora columna or sp.,Small,Bleached,0,
Sharp Island,2024-08-05,2_3_m,T1,Goniopora columna or sp.,Small,Dead,0,
Sharp Island,2024-08-05,2_3_m,T1,Dipsastraea rotumana / speciosa,Large,Pigmented,0,
Sharp Island,2024-08-05,2_3_m,T1,Dipsastraea rotumana / speciosa,Large,Partial bleached,0,
Sharp Island,2024-08-05,2_3_m,T1,Dipsastraea rotumana / speciosa,Large,Bleached,0,
Sharp Island,2024-08-05,2_3_m,T1,Dipsastraea rotumana / speciosa,Large,Dead,0,
Sharp Island,2024-08-05,2_3_m,T1,Dipsastraea rotumana / speciosa,Medium,Pigmented,0,
Sharp Island,2024-08-05,2_3_m,T1,Dipsastraea rotumana / speciosa,Medium,Partial bleached,0,
Sharp Island,2024-08-05,2_3_m,T1,Dipsastraea rotumana / speciosa,Medium,Bleached,0,
Sharp Island,2024-08-05,2_3_m,T1,Dipsastraea rotumana / speciosa,Medium,Dead,0,
Sharp Island,2024-08-05,2_3_m,T1,Dipsastraea rotumana / speciosa,Small,Pigmented,0,
Sharp Island,2024-08-05,2_3_m,T1,Dipsastraea rotumana / speciosa,Small,Partial bleached,0,
Sharp Island,2024-08-05,2_3_m,T1,Dipsastraea rotumana / speciosa,Small,Bleached,0,
Sharp Island,2024-08-05,2_3_m,T1,Dipsastraea rotumana / speciosa,Small,Dead,0,
Sharp Island,2024-08-05,2_3_m,T1,Favites pentagona,Large,Pigmented,0,
Sharp Island,2024-08-05,2_3_m,T1,Favites pentagona,Large,Partial bleached,0,
Sharp Island,2024-08-05,2_3_m,T1,Favites pentagona,Large,Bleached,0,
Sharp Island,2024-08-05,2_3_m,T1,Favites pentagona,Large,Dead,0,
Sharp Island,2024-08-05,2_3_m,T1,Favites pentagona,Medium,Pigmented,0,
Sharp Island,2024-08-05,2_3_m,T1,Favites pentagona,Medium,Partial bleached,0,
Sharp Island,2024-08-05,2_3_m,T1,Favites pentagona,Medium,Bleached,0,
Sharp Island,2024-08-05,2_3_m,T1,Favites pentagona,Medium,Dead,0,
Sharp Island,2024-08-05,2_3_m,T1,Favites pentagona,Small,Pigmented,0,
Sharp Island,2024-08-05,2_3_m,T1,Favites pentagona,Small,Partial bleached,0,
Sharp Island,2024-08-05,2_3_m,T1,Favites pentagona,Small,Bleached,0,
Sharp Island,2024-08-05,2_3_m,T1,Favites pentagona,Small,Dead,0,
Sharp Island,2024-08-05,2_3_m,T1,Favites abdita or sp.,Large,Pigmented,0,
Sharp Island,2024-08-05,2_3_m,T1,Favites abdita or sp.,Large,Partial bleached,0,
Sharp Island,2024-08-05,2_3_m,T1,Favites abdita or sp.,Large,Bleached,0,
Sharp Island,2024-08-05,2_3_m,T1,Favites abdita or sp.,Large,Dead,0,
Sharp Island,2024-08-05,2_3_m,T1,Favites abdita or sp.,Medium,Pigmented,0,
Sharp Island,2024-08-05,2_3_m,T1,Favites abdita or sp.,Medium,Partial bleached,0,
Sharp Island,2024-08-05,2_3_m,T1,Favites abdita or sp.,Medium,Bleached,0,
Sharp Island,2024-08-05,2_3_m,T1,Favites abdita or sp.,Medium,Dead,0,
Sharp Island,2024-08-05,2_3_m,T1,Favites abdita or sp.,Small,Pigmented,0,
Sharp Island,2024-08-05,2_3_m,T1,Favites abdita or sp.,Small,Partial bleached,0,
Sharp Island,2024-08-05,2_3_m,T1,Favites abdita or sp.,Small,Bleached,0,
Sharp Island,2024-08-05,2_3_m,T1,Favites abdita or sp.,Small,Dead,0,
Sharp Island,2024-08-05,2_3_m,T1,Favites chinensis  / Gonia aspera,Large,Pigmented,0,
Sharp Island,2024-08-05,2_3_m,T1,Favites chinensis  / Gonia aspera,Large,Partial bleached,0,
Sharp Island,2024-08-05,2_3_m,T1,Favites chinensis  / Gonia aspera,Large,Bleached,0,
Sharp Island,2024-08-05,2_3_m,T1,Favites chinensis  / Gonia aspera,Large,Dead,0,
Sharp Island,2024-08-05,2_3_m,T1,Favites chinensis  / Gonia aspera,Medium,Pigmented,0,
Sharp Island,2024-08-05,2_3_m,T1,Favites chinensis  / Gonia aspera,Medium,Partial bleached,0,
Sharp Island,2024-08-05,2_3_m,T1,Favites chinensis  / Gonia aspera,Medium,Bleached,0,
Sharp Island,2024-08-05,2_3_m,T1,Favites chinensis  / Gonia aspera,Medium,Dead,0,
Sharp Island,2024-08-05,2_3_m,T1,Favites chinensis  / Gonia aspera,Small,Pigmented,0,
Sharp Island,2024-08-05,2_3_m,T1,Favites chinensis  / Gonia aspera,Small,Partial bleached,0,
Sharp Island,2024-08-05,2_3_m,T1,Favites chinensis  / Gonia aspera,Small,Bleached,0,
Sharp Island,2024-08-05,2_3_m,T1,Favites chinensis  / Gonia aspera,Small,Dead,0,
Sharp Island,2024-08-05,2_3_m,T1,Leptastrea purpurea / pruinosa / sp.,Large,Pigmented,0,
Sharp Island,2024-08-05,2_3_m,T1,Leptastrea purpurea / pruinosa / sp.,Large,Partial bleached,0,
Sharp Island,2024-08-05,2_3_m,T1,Leptastrea purpurea / pruinosa / sp.,Large,Bleached,0,
Sharp Island,2024-08-05,2_3_m,T1,Leptastrea purpurea / pruinosa / sp.,Large,Dead,0,
Sharp Island,2024-08-05,2_3_m,T1,Leptastrea purpurea / pruinosa / sp.,Medium,Pigmented,0,
Sharp Island,2024-08-05,2_3_m,T1,Leptastrea purpurea / pruinosa / sp.,Medium,Partial bleached,0,
Sharp Island,2024-08-05,2_3_m,T1,Leptastrea purpurea / pruinosa / sp.,Medium,Bleached,0,
Sharp Island,2024-08-05,2_3_m,T1,Leptastrea purpurea / pruinosa / sp.,Medium,Dead,0,
Sharp Island,2024-08-05,2_3_m,T1,Leptastrea purpurea / pruinosa / sp.,Small,Pigmented,0,
Sharp Island,2024-08-05,2_3_m,T1,Leptastrea purpurea / pruinosa / sp.,Small,Partial bleached,0,
Sharp Island,2024-08-05,2_3_m,T1,Leptastrea purpurea / pruinosa / sp.,Small,Bleached,0,
Sharp Island,2024-08-05,2_3_m,T1,Leptastrea purpurea / pruinosa / sp.,Small,Dead,0,
Sharp Island,2024-08-05,2_3_m,T1,Cyphastrea serailia / japonica,Large,Pigmented,0,
Sharp Island,2024-08-05,2_3_m,T1,Cyphastrea serailia / japonica,Large,Partial bleached,0,
Sharp Island,2024-08-05,2_3_m,T1,Cyphastrea serailia / japonica,Large,Bleached,0,
Sharp Island,2024-08-05,2_3_m,T1,Cyphastrea serailia / japonica,Large,Dead,0,
Sharp Island,2024-08-05,2_3_m,T1,Cyphastrea serailia / japonica,Medium,Pigmented,0,
Sharp Island,2024-08-05,2_3_m,T1,Cyphastrea serailia / japonica,Medium,Partial bleached,0,
Sharp Island,2024-08-05,2_3_m,T1,Cyphastrea serailia / japonica,Medium,Bleached,0,
Sharp Island,2024-08-05,2_3_m,T1,Cyphastrea serailia / japonica,Medium,Dead,0,
Sharp Island,2024-08-05,2_3_m,T1,Cyphastrea serailia / japonica,Small,Pigmented,0,
Sharp Island,2024-08-05,2_3_m,T1,Cyphastrea serailia / japonica,Small,Partial bleached,0,
Sharp Island,2024-08-05,2_3_m,T1,Cyphastrea serailia / japonica,Small,Bleached,0,
Sharp Island,2024-08-05,2_3_m,T1,Cyphastrea serailia / japonica,Small,Dead,0,
Sharp Island,2024-08-05,2_3_m,T1,Hydnophora exesa,Large,Pigmented,0,
Sharp Island,2024-08-05,2_3_m,T1,Hydnophora exesa,Large,Partial bleached,0,
Sharp Island,2024-08-05,2_3_m,T1,Hydnophora exesa,Large,Bleached,0,
Sharp Island,2024-08-05,2_3_m,T1,Hydnophora exesa,Large,Dead,0,
Sharp Island,2024-08-05,2_3_m,T1,Hydnophora exesa,Medium,Pigmented,0,
Sharp Island,2024-08-05,2_3_m,T1,Hydnophora exesa,Medium,Partial bleached,0,
Sharp Island,2024-08-05,2_3_m,T1,Hydnophora exesa,Medium,Bleached,0,
Sharp Island,2024-08-05,2_3_m,T1,Hydnophora exesa,Medium,Dead,0,
Sharp Island,2024-08-05,2_3_m,T1,Hydnophora exesa,Small,Pigmented,0,
Sharp Island,2024-08-05,2_3_m,T1,Hydnophora exesa,Small,Partial bleached,0,
Sharp Island,2024-08-05,2_3_m,T1,Hydnophora exesa,Small,Bleached,0,
Sharp Island,2024-08-05,2_3_m,T1,Hydnophora exesa,Small,Dead,0,
Sharp Island,2024-08-05,2_3_m,T1,Psammocora superficialis,Large,Pigmented,0,
Sharp Island,2024-08-05,2_3_m,T1,Psammocora superficialis,Large,Partial bleached,0,
Sharp Island,2024-08-05,2_3_m,T1,Psammocora superficialis,Large,Bleached,0,
Sharp Island,2024-08-05,2_3_m,T1,Psammocora superficialis,Large,Dead,0,
Sharp Island,2024-08-05,2_3_m,T1,Psammocora superficialis,Medium,Pigmented,0,
Sharp Island,2024-08-05,2_3_m,T1,Psammocora superficialis,Medium,Partial bleached,0,
Sharp Island,2024-08-05,2_3_m,T1,Psammocora superficialis,Medium,Bleached,0,
Sharp Island,2024-08-05,2_3_m,T1,Psammocora superficialis,Medium,Dead,0,
Sharp Island,2024-08-05,2_3_m,T1,Psammocora superficialis,Small,Pigmented,0,
Sharp Island,2024-08-05,2_3_m,T1,Psammocora superficialis,Small,Partial bleached,0,
Sharp Island,2024-08-05,2_3_m,T1,Psammocora superficialis,Small,Bleached,0,
Sharp Island,2024-08-05,2_3_m,T1,Psammocora superficialis,Small,Dead,0,
Sharp Island,2024-08-05,2_3_m,T1,Lithophyllon undulatum,Large,Pigmented,0,
Sharp Island,2024-08-05,2_3_m,T1,Lithophyllon undulatum,Large,Partial bleached,0,
Sharp Island,2024-08-05,2_3_m,T1,Lithophyllon undulatum,Large,Bleached,0,
Sharp Island,2024-08-05,2_3_m,T1,Lithophyllon undulatum,Large,Dead,0,
Sharp Island,2024-08-05,2_3_m,T1,Lithophyllon undulatum,Medium,Pigmented,0,
Sharp Island,2024-08-05,2_3_m,T1,Lithophyllon undulatum,Medium,Partial bleached,0,
Sharp Island,2024-08-05,2_3_m,T1,Lithophyllon undulatum,Medium,Bleached,0,
Sharp Island,2024-08-05,2_3_m,T1,Lithophyllon undulatum,Medium,Dead,0,
Sharp Island,2024-08-05,2_3_m,T1,Lithophyllon undulatum,Small,Pigmented,0,
Sharp Island,2024-08-05,2_3_m,T1,Lithophyllon undulatum,Small,Partial bleached,0,
Sharp Island,2024-08-05,2_3_m,T1,Lithophyllon undulatum,Small,Bleached,0,
Sharp Island,2024-08-05,2_3_m,T1,Lithophyllon undulatum,Small,Dead,0,
Sharp Island,2024-08-05,2_3_m,T1,Echinophillia aspera,Large,Pigmented,0,
Sharp Island,2024-08-05,2_3_m,T1,Echinophillia aspera,Large,Partial bleached,0,
Sharp Island,2024-08-05,2_3_m,T1,Echinophillia aspera,Large,Bleached,0,
Sharp Island,2024-08-05,2_3_m,T1,Echinophillia aspera,Large,Dead,0,
Sharp Island,2024-08-05,2_3_m,T1,Echinophillia aspera,Medium,Pigmented,0,
Sharp Island,2024-08-05,2_3_m,T1,Echinophillia aspera,Medium,Partial bleached,0,
Sharp Island,2024-08-05,2_3_m,T1,Echinophillia aspera,Medium,Bleached,0,
Sharp Island,2024-08-05,2_3_m,T1,Echinophillia aspera,Medium,Dead,0,
Sharp Island,2024-08-05,2_3_m,T1,Echinophillia aspera,Small,Pigmented,0,
Sharp Island,2024-08-05,2_3_m,T1,Echinophillia aspera,Small,Partial bleached,0,
Sharp Island,2024-08-05,2_3_m,T1,Echinophillia aspera,Small,Bleached,0,
Sharp Island,2024-08-05,2_3_m,T1,Echinophillia aspera,Small,Dead,0,
Sharp Island,2024-08-05,2_3_m,T1,Montipora peltiformis,Large,Pigmented,0,
Sharp Island,2024-08-05,2_3_m,T1,Montipora peltiformis,Large,Partial bleached,0,
Sharp Island,2024-08-05,2_3_m,T1,Montipora peltiformis,Large,Bleached,0,
Sharp Island,2024-08-05,2_3_m,T1,Montipora peltiformis,Large,Dead,0,
Sharp Island,2024-08-05,2_3_m,T1,Montipora peltiformis,Medium,Pigmented,0,
Sharp Island,2024-08-05,2_3_m,T1,Montipora peltiformis,Medium,Partial bleached,0,
Sharp Island,2024-08-05,2_3_m,T1,Montipora peltiformis,Medium,Bleached,0,
Sharp Island,2024-08-05,2_3_m,T1,Montipora peltiformis,Medium,Dead,0,
Sharp Island,2024-08-05,2_3_m,T1,Montipora peltiformis,Small,Pigmented,0,
Sharp Island,2024-08-05,2_3_m,T1,Montipora peltiformis,Small,Partial bleached,0,
Sharp Island,2024-08-05,2_3_m,T1,Montipora peltiformis,Small,Bleached,0,
Sharp Island,2024-08-05,2_3_m,T1,Montipora peltiformis,Small,Dead,0,
Sharp Island,2024-08-05,2_3_m,T1,Acropora digitifera / tumida,Large,Pigmented,1,
Sharp Island,2024-08-05,2_3_m,T1,Acropora digitifera / tumida,Large,Partial bleached,3,
Sharp Island,2024-08-05,2_3_m,T1,Acropora digitifera / tumida,Large,Bleached,0,
Sharp Island,2024-08-05,2_3_m,T1,Acropora digitifera / tumida,Large,Dead,0,
Sharp Island,2024-08-05,2_3_m,T1,Acropora digitifera / tumida,Medium,Pigmented,5,
Sharp Island,2024-08-05,2_3_m,T1,Acropora digitifera / tumida,Medium,Partial bleached,6,
Sharp Island,2024-08-05,2_3_m,T1,Acropora digitifera / tumida,Medium,Bleached,0,
Sharp Island,2024-08-05,2_3_m,T1,Acropora digitifera / tumida,Medium,Dead,0,
Sharp Island,2024-08-05,2_3_m,T1,Acropora digitifera / tumida,Small,Pigmented,1,
Sharp Island,2024-08-05,2_3_m,T1,Acropora digitifera / tumida,Small,Partial bleached,3,
Sharp Island,2024-08-05,2_3_m,T1,Acropora digitifera / tumida,Small,Bleached,3,
Sharp Island,2024-08-05,2_3_m,T1,Acropora digitifera / tumida,Small,Dead,0,
Sharp Island,2024-08-05,2_3_m,T1,Acropora pruniosa / solitiariensis,Large,Pigmented,0,
Sharp Island,2024-08-05,2_3_m,T1,Acropora pruniosa / solitiariensis,Large,Partial bleached,0,
Sharp Island,2024-08-05,2_3_m,T1,Acropora pruniosa / solitiariensis,Large,Bleached,0,
Sharp Island,2024-08-05,2_3_m,T1,Acropora pruniosa / solitiariensis,Large,Dead,0,
Sharp Island,2024-08-05,2_3_m,T1,Acropora pruniosa / solitiariensis,Medium,Pigmented,3,
Sharp Island,2024-08-05,2_3_m,T1,Acropora pruniosa / solitiariensis,Medium,Partial bleached,0,
Sharp Island,2024-08-05,2_3_m,T1,Acropora pruniosa / solitiariensis,Medium,Bleached,0,
Sharp Island,2024-08-05,2_3_m,T1,Acropora pruniosa / solitiariensis,Medium,Dead,0,
Sharp Island,2024-08-05,2_3_m,T1,Acropora pruniosa / solitiariensis,Small,Pigmented,0,
Sharp Island,2024-08-05,2_3_m,T1,Acropora pruniosa / solitiariensis,Small,Partial bleached,0,
Sharp Island,2024-08-05,2_3_m,T1,Acropora pruniosa / solitiariensis,Small,Bleached,0,
Sharp Island,2024-08-05,2_3_m,T1,Acropora pruniosa / solitiariensis,Small,Dead,0,
Sharp Island,2024-08-05,2_3_m,T1,Porites aranetai / deformis,Large,Pigmented,0,
Sharp Island,2024-08-05,2_3_m,T1,Porites aranetai / deformis,Large,Partial bleached,0,
Sharp Island,2024-08-05,2_3_m,T1,Porites aranetai / deformis,Large,Bleached,0,
Sharp Island,2024-08-05,2_3_m,T1,Porites aranetai / deformis,Large,Dead,0,
Sharp Island,2024-08-05,2_3_m,T1,Porites aranetai / deformis,Medium,Pigmented,1,
Sharp Island,2024-08-05,2_3_m,T1,Porites aranetai / deformis,Medium,Partial bleached,0,
Sharp Island,2024-08-05,2_3_m,T1,Porites aranetai / deformis,Medium,Bleached,0,
Sharp Island,2024-08-05,2_3_m,T1,Porites aranetai / deformis,Medium,Dead,0,
Sharp Island,2024-08-05,2_3_m,T1,Porites aranetai / deformis,Small,Pigmented,0,
Sharp Island,2024-08-05,2_3_m,T1,Porites aranetai / deformis,Small,Partial bleached,0,
Sharp Island,2024-08-05,2_3_m,T1,Porites aranetai / deformis,Small,Bleached,0,
Sharp Island,2024-08-05,2_3_m,T1,Porites aranetai / deformis,Small,Dead,0,
Sharp Island,2024-08-05,2_3_m,T1,Galaxea fascicularis / astreata,Large,Pigmented,0,
Sharp Island,2024-08-05,2_3_m,T1,Galaxea fascicularis / astreata,Large,Partial bleached,0,
Sharp Island,2024-08-05,2_3_m,T1,Galaxea fascicularis / astreata,Large,Bleached,0,
Sharp Island,2024-08-05,2_3_m,T1,Galaxea fascicularis / astreata,Large,Dead,0,
Sharp Island,2024-08-05,2_3_m,T1,Galaxea fascicularis / astreata,Medium,Pigmented,0,
Sharp Island,2024-08-05,2_3_m,T1,Galaxea fascicularis / astreata,Medium,Partial bleached,0,
Sharp Island,2024-08-05,2_3_m,T1,Galaxea fascicularis / astreata,Medium,Bleached,0,
Sharp Island,2024-08-05,2_3_m,T1,Galaxea fascicularis / astreata,Medium,Dead,0,
Sharp Island,2024-08-05,2_3_m,T1,Galaxea fascicularis / astreata,Small,Pigmented,0,
Sharp Island,2024-08-05,2_3_m,T1,Galaxea fascicularis / astreata,Small,Partial bleached,0,
Sharp Island,2024-08-05,2_3_m,T1,Galaxea fascicularis / astreata,Small,Bleached,0,
Sharp Island,2024-08-05,2_3_m,T1,Galaxea fascicularis / astreata,Small,Dead,0,
Sharp Island,2024-08-05,2_3_m,T1,Acanthastrea hempirichii,Large,Pigmented,0,
Sharp Island,2024-08-05,2_3_m,T1,Acanthastrea hempirichii,Large,Partial bleached,0,
Sharp Island,2024-08-05,2_3_m,T1,Acanthastrea hempirichii,Large,Bleached,0,
Sharp Island,2024-08-05,2_3_m,T1,Acanthastrea hempirichii,Large,Dead,0,
Sharp Island,2024-08-05,2_3_m,T1,Acanthastrea hempirichii,Medium,Pigmented,0,
Sharp Island,2024-08-05,2_3_m,T1,Acanthastrea hempirichii,Medium,Partial bleached,0,
Sharp Island,2024-08-05,2_3_m,T1,Acanthastrea hempirichii,Medium,Bleached,0,
Sharp Island,2024-08-05,2_3_m,T1,Acanthastrea hempirichii,Medium,Dead,0,
Sharp Island,2024-08-05,2_3_m,T1,Acanthastrea hempirichii,Small,Pigmented,0,
Sharp Island,2024-08-05,2_3_m,T1,Acanthastrea hempirichii,Small,Partial bleached,0,
Sharp Island,2024-08-05,2_3_m,T1,Acanthastrea hempirichii,Small,Bleached,0,
Sharp Island,2024-08-05,2_3_m,T1,Acanthastrea hempirichii,Small,Dead,0,
Sharp Island,2024-08-05,2_3_m,T1,Oulastrea crispata,Large,Pigmented,0,
Sharp Island,2024-08-05,2_3_m,T1,Oulastrea crispata,Large,Partial bleached,0,
Sharp Island,2024-08-05,2_3_m,T1,Oulastrea crispata,Large,Bleached,0,
Sharp Island,2024-08-05,2_3_m,T1,Oulastrea crispata,Large,Dead,0,
Sharp Island,2024-08-05,2_3_m,T1,Oulastrea crispata,Medium,Pigmented,0,
Sharp Island,2024-08-05,2_3_m,T1,Oulastrea crispata,Medium,Partial bleached,0,
Sharp Island,2024-08-05,2_3_m,T1,Oulastrea crispata,Medium,Bleached,0,
Sharp Island,2024-08-05,2_3_m,T1,Oulastrea crispata,Medium,Dead,0,
Sharp Island,2024-08-05,2_3_m,T1,Oulastrea crispata,Small,Pigmented,0,
Sharp Island,2024-08-05,2_3_m,T1,Oulastrea crispata,Small,Partial bleached,0,
Sharp Island,2024-08-05,2_3_m,T1,Oulastrea crispata,Small,Bleached,0,
Sharp Island,2024-08-05,2_3_m,T1,Oulastrea crispata,Small,Dead,0,
Sharp Island,2024-08-05,2_3_m,T1,Styloconiella guentheri,Large,Pigmented,0,
Sharp Island,2024-08-05,2_3_m,T1,Styloconiella guentheri,Large,Partial bleached,0,
Sharp Island,2024-08-05,2_3_m,T1,Styloconiella guentheri,Large,Bleached,0,
Sharp Island,2024-08-05,2_3_m,T1,Styloconiella guentheri,Large,Dead,0,
Sharp Island,2024-08-05,2_3_m,T1,Styloconiella guentheri,Medium,Pigmented,0,
Sharp Island,2024-08-05,2_3_m,T1,Styloconiella guentheri,Medium,Partial bleached,0,
Sharp Island,2024-08-05,2_3_m,T1,Styloconiella guentheri,Medium,Bleached,0,
Sharp Island,2024-08-05,2_3_m,T1,Styloconiella guentheri,Medium,Dead,0,
Sharp Island,2024-08-05,2_3_m,T1,Styloconiella guentheri,Small,Pigmented,0,
Sharp Island,2024-08-05,2_3_m,T1,Styloconiella guentheri,Small,Partial bleached,0,
Sharp Island,2024-08-05,2_3_m,T1,Styloconiella guentheri,Small,Bleached,0,
Sharp Island,2024-08-05,2_3_m,T1,Styloconiella guentheri,Small,Dead,0,
Sharp Island,2024-08-05,2_3_m,T1,Montipora sp,Large,Pigmented,0,
Sharp Island,2024-08-05,2_3_m,T1,Montipora sp,Large,Partial bleached,0,
Sharp Island,2024-08-05,2_3_m,T1,Montipora sp,Large,Bleached,0,
Sharp Island,2024-08-05,2_3_m,T1,Montipora sp,Large,Dead,0,
Sharp Island,2024-08-05,2_3_m,T1,Montipora sp,Medium,Pigmented,0,
Sharp Island,2024-08-05,2_3_m,T1,Montipora sp,Medium,Partial bleached,0,
Sharp Island,2024-08-05,2_3_m,T1,Montipora sp,Medium,Bleached,0,
Sharp Island,2024-08-05,2_3_m,T1,Montipora sp,Medium,Dead,0,
Sharp Island,2024-08-05,2_3_m,T1,Montipora sp,Small,Pigmented,0,
Sharp Island,2024-08-05,2_3_m,T1,Montipora sp,Small,Partial bleached,0,
Sharp Island,2024-08-05,2_3_m,T1,Montipora sp,Small,Bleached,0,
Sharp Island,2024-08-05,2_3_m,T1,Montipora sp,Small,Dead,0,
Sharp Island,2024-08-05,2_3_m,T1,Unknown,Large,Pigmented,0,
Sharp Island,2024-08-05,2_3_m,T1,Unknown,Large,Partial bleached,0,
Sharp Island,2024-08-05,2_3_m,T1,Unknown,Large,Bleached,0,
Sharp Island,2024-08-05,2_3_m,T1,Unknown,Large,Dead,0,
Sharp Island,2024-08-05,2_3_m,T1,Unknown,Medium,Pigmented,0,
Sharp Island,2024-08-05,2_3_m,T1,Unknown,Medium,Partial bleached,0,
Sharp Island,2024-08-05,2_3_m,T1,Unknown,Medium,Bleached,1,
Sharp Island,2024-08-05,2_3_m,T1,Unknown,Medium,Dead,0,
Sharp Island,2024-08-05,2_3_m,T1,Unknown,Small,Pigmented,0,
Sharp Island,2024-08-05,2_3_m,T1,Unknown,Small,Partial bleached,0,
Sharp Island,2024-08-05,2_3_m,T1,Unknown,Small,Bleached,0,
Sharp Island,2024-08-05,2_3_m,T1,Unknown,Small,Dead,0,
Sharp Island,2024-08-05,2_3_m,T1,Dead unknown,Large,Pigmented,0,
Sharp Island,2024-08-05,2_3_m,T1,Dead unknown,Large,Partial bleached,0,
Sharp Island,2024-08-05,2_3_m,T1,Dead unknown,Large,Bleached,0,
Sharp Island,2024-08-05,2_3_m,T1,Dead unknown,Large,Dead,0,
Sharp Island,2024-08-05,2_3_m,T1,Dead unknown,Medium,Pigmented,0,
Sharp Island,2024-08-05,2_3_m,T1,Dead unknown,Medium,Partial bleached,0,
Sharp Island,2024-08-05,2_3_m,T1,Dead unknown,Medium,Bleached,0,
Sharp Island,2024-08-05,2_3_m,T1,Dead unknown,Medium,Dead,0,
Sharp Island,2024-08-05,2_3_m,T1,Dead unknown,Small,Pigmented,0,
Sharp Island,2024-08-05,2_3_m,T1,Dead unknown,Small,Partial bleached,0,
Sharp Island,2024-08-05,2_3_m,T1,Dead unknown,Small,Bleached,0,
Sharp Island,2024-08-05,2_3_m,T1,Dead unknown,Small,Dead,0,
Sharp Island,2024-08-05,2_3_m,T2,Porites lutea,Medium,Pigmented,4,"End of the first transect site. From now on, just copy paste the necessary lines"
Sharp Island,2024-08-05,2_3_m,T2,Porites lutea,Medium,Partial bleached,8,
Sharp Island,2024-08-05,2_3_m,T2,Porites lutea,Medium,Bleached,2,
Sharp Island,2024-08-05,2_3_m,T2,Porites lutea,Small,Pigmented,3,
Sharp Island,2024-08-05,2_3_m,T2,Porites lutea,Small,Partial bleached,3,
Sharp Island,2024-08-05,2_3_m,T2,Porites lutea,Small,Bleached,5,
Sharp Island,2024-08-05,2_3_m,T2,Platygyra carnosus / acuta,Medium,Bleached,2,
Sharp Island,2024-08-05,2_3_m,T2,Pavona decussata,Large,Pigmented,7,
Sharp Island,2024-08-05,2_3_m,T2,Pavona decussata,Large,Partial bleached,2,
Sharp Island,2024-08-05,2_3_m,T2,Pavona decussata,Medium,Pigmented,4,
Sharp Island,2024-08-05,2_3_m,T2,Pavona decussata,Medium,Partial bleached,9,
Sharp Island,2024-08-05,2_3_m,T2,Pavona decussata,Medium,Bleached,1,
Sharp Island,2024-08-05,2_3_m,T2,Pavona decussata,Small,Pigmented,8,
Sharp Island,2024-08-05,2_3_m,T2,Pavona decussata,Small,Partial bleached,3,
Sharp Island,2024-08-05,2_3_m,T2,Pavona decussata,Small,Bleached,1,
Sharp Island,2024-08-05,2_3_m,T2,Goniopora columna or sp.,Medium,Bleached,7,
Sharp Island,2024-08-05,2_3_m,T2,Acropora digitifera / tumida,Large,Partial bleached,1,
Sharp Island,2024-08-05,2_3_m,T2,Acropora digitifera / tumida,Medium,Pigmented,6,
Sharp Island,2024-08-05,2_3_m,T2,Acropora digitifera / tumida,Medium,Partial bleached,4,
Sharp Island,2024-08-05,2_3_m,T2,Acropora digitifera / tumida,Small,Pigmented,9,
Sharp Island,2024-08-05,2_3_m,T2,Acropora digitifera / tumida,Small,Partial bleached,2,
Sharp Island,2024-08-05,2_3_m,T2,Acropora pruniosa / solitiariensis,Large,Pigmented,2,
Sharp Island,2024-08-05,2_3_m,T2,Unknown,Medium,Pigmented,2,
Sharp Island,2024-08-05,2_3_m,T2,Unknown,Small,Pigmented,1,
Sharp Island,2024-08-05,2_3_m,T2,Porites aranetai / deformis,Medium,Pigmented,1,
Sharp Island,2024-08-05,2_3_m,T2,Dead unknown,Medium,Dead,2,Dead is also partially dead. Evident signs of recent mortality covering more than 50% of the colony recently dead
Sharp Island,2024-08-05,2_3_m,T3,Porites lutea,Medium,Pigmented,3,"New Transect, only add the observed coral categories "
Sharp Island,2024-08-05,2_3_m,T3,Porites lutea,Medium,Partial bleached,4,
Sharp Island,2024-08-05,2_3_m,T3,Porites lutea,Medium,Bleached,7,
Sharp Island,2024-08-05,2_3_m,T3,Porites lutea,Small,Pigmented,3,
Sharp Island,2024-08-05,2_3_m,T3,Porites lutea,Small,Partial bleached,5,
Sharp Island,2024-08-05,2_3_m,T3,Porites lutea,Small,Bleached,3,
Sharp Island,2024-08-05,2_3_m,T3,Platygyra carnosus / acuta,Medium,Pigmented,1,
Sharp Island,2024-08-05,2_3_m,T3,Pavona decussata,Medium,Pigmented,1,
Sharp Island,2024-08-05,2_3_m,T3,Pavona decussata,Medium,Partial bleached,2,
Sharp Island,2024-08-05,2_3_m,T3,Pavona decussata,Medium,Bleached,1,
Sharp Island,2024-08-05,2_3_m,T3,Turbinaria peltata,Medium,Bleached,3,
Sharp Island,2024-08-05,2_3_m,T3,Goniopora columna or sp.,Medium,Partial bleached,1,
Sharp Island,2024-08-05,2_3_m,T3,Goniopora columna or sp.,Medium,Bleached,4,
Sharp Island,2024-08-05,2_3_m,T3,Goniopora columna or sp.,Small,Partial bleached,4,
Sharp Island,2024-08-05,2_3_m,T3,Goniopora columna or sp.,Small,Bleached,15,
Sharp Island,2024-08-05,2_3_m,T3,Dipsastraea rotumana / speciosa,Medium,Bleached,1,
Sharp Island,2024-08-05,2_3_m,T3,Dipsastraea rotumana / speciosa,Small,Bleached,4,
Sharp Island,2024-08-05,2_3_m,T3,Psammocora superficialis,Medium,Bleached,2,
Sharp Island,2024-08-05,2_3_m,T3,Acropora digitifera / tumida,Medium,Pigmented,3,
Sharp Island,2024-08-05,2_3_m,T3,Acropora digitifera / tumida,Medium,Partial bleached,4,
Sharp Island,2024-08-05,2_3_m,T3,Acropora digitifera / tumida,Medium,Bleached,3,
Sharp Island,2024-08-05,2_3_m,T3,Acropora digitifera / tumida,Small,Pigmented,1,
Sharp Island,2024-08-05,2_3_m,T3,Acropora digitifera / tumida,Small,Partial bleached,2,
Sharp Island,2024-08-05,2_3_m,T3,Acropora pruniosa / solitiariensis,Small,Partial bleached,1,
Sharp Island,2024-08-05,2_3_m,T3,Unknown,Medium,Uncategorised,1,
Sharp Island,2024-08-05,2_3_m,T3,Unknown,Medium,Partial bleached,1,
Bluff Island,2024-08-05,2_3_m,T1,Porites lutea,Medium,Pigmented,1,"New Site and Transect, only add what is needed"
Bluff Island,2024-08-05,2_3_m,T1,Porites lutea,Medium,Partial bleached,2,
Bluff Island,2024-08-05,2_3_m,T1,Porites lutea,Small,Pigmented,1,
Bluff Island,2024-08-05,2_3_m,T1,Porites lutea,Small,Bleached,1,
Bluff Island,2024-08-05,2_3_m,T1,Pavona decussata,Large,Partial bleached,2,
Bluff Island,2024-08-05,2_3_m,T1,Pavona decussata,Medium,Pigmented,1,
Bluff Island,2024-08-05,2_3_m,T1,Pavona decussata,Medium,Partial bleached,2,
Bluff Island,2024-08-05,2_3_m,T1,Pavona decussata,Small,Partial bleached,1,
Bluff Island,2024-08-05,2_3_m,T1,Montipora peltiformis,Large,Partial bleached,1,
Bluff Island,2024-08-05,2_3_m,T1,Montipora peltiformis,Large,Bleached,2,
Bluff Island,2024-08-05,2_3_m,T1,Acropora digitifera / tumida,Large,Pigmented,3,
Bluff Island,2024-08-05,2_3_m,T1,Acropora digitifera / tumida,Large,Partial bleached,12,
Bluff Island,2024-08-05,2_3_m,T1,Acropora digitifera / tumida,Large,Bleached,3,
Bluff Island,2024-08-05,2_3_m,T1,Acropora digitifera / tumida,Medium,Pigmented,11,
Bluff Island,2024-08-05,2_3_m,T1,Acropora digitifera / tumida,Medium,Partial bleached,15,
Bluff Island,2024-08-05,2_3_m,T1,Acropora digitifera / tumida,Medium,Bleached,6,
Bluff Island,2024-08-05,2_3_m,T1,Acropora digitifera / tumida,Small,Pigmented,1,
Bluff Island,2024-08-05,2_3_m,T1,Acropora digitifera / tumida,Small,Partial bleached,9,
Bluff Island,2024-08-05,2_3_m,T1,Acropora digitifera / tumida,Small,Bleached,5,
Bluff Island,2024-08-05,2_3_m,T1,Acropora pruniosa / solitiariensis,Large,Partial bleached,1,
Bluff Island,2024-08-05,2_3_m,T1,Acropora pruniosa / solitiariensis,Medium,Pigmented,1,
Bluff Island,2024-08-05,2_3_m,T1,Unknown,Medium,Bleached,1,
Bluff Island,2024-08-05,2_3_m,T1,Acropora pruniosa / solitiariensis,Medium,Partial bleached,2,
Bluff Island,2024-08-05,2_3_m,T2,Porites lutea,Medium,Pigmented,1,
Bluff Island,2024-08-05,2_3_m,T2,Porites lutea,Medium,Partial bleached,1,
Bluff Island,2024-08-05,2_3_m,T2,Porites lutea,Small,Partial bleached,4,
Bluff Island,2024-08-05,2_3_m,T2,Porites lutea,Small,Bleached,2,
Bluff Island,2024-08-05,2_3_m,T2,Porites lutea,Small,Dead,1,
Bluff Island,2024-08-05,2_3_m,T2,Platygyra carnosus / acuta,Large,Partial bleached,1,
Bluff Island,2024-08-05,2_3_m,T2,Platygyra carnosus / acuta,Large,Bleached,1,
Bluff Island,2024-08-05,2_3_m,T2,Platygyra carnosus / acuta,Medium,Partial bleached,3,
Bluff Island,2024-08-05,2_3_m,T2,Platygyra carnosus / acuta,Small,Partial bleached,1,
Bluff Island,2024-08-05,2_3_m,T2,Pavona decussata,Large,Bleached,1,
Bluff Island,2024-08-05,2_3_m,T2,Pavona decussata,Medium,Pigmented,3,
Bluff Island,2024-08-05,2_3_m,T2,Pavona decussata,Medium,Partial bleached,3,
Bluff Island,2024-08-05,2_3_m,T2,Dipsastraea rotumana / speciosa,Small,Pigmented,1,
Bluff Island,2024-08-05,2_3_m,T2,Favites abdita or sp.,Medium,Pigmented,1,
Bluff Island,2024-08-05,2_3_m,T2,Favites chinensis  / Gonia aspera,Small,Pigmented,1,
Bluff Island,2024-08-05,2_3_m,T2,Cyphastrea serailia / japonica,Small,Pigmented,1,
Bluff Island,2024-08-05,2_3_m,T2,Psammocora superficialis,Medium,Bleached,2,
Bluff Island,2024-08-05,2_3_m,T2,Acropora digitifera / tumida,Large,Partial bleached,2,
Bluff Island,2024-08-05,2_3_m,T2,Acropora digitifera / tumida,Large,Bleached,9,
Bluff Island,2024-08-05,2_3_m,T2,Acropora digitifera / tumida,Medium,Pigmented,3,
Bluff Island,2024-08-05,2_3_m,T2,Acropora digitifera / tumida,Medium,Partial bleached,4,
Bluff Island,2024-08-05,2_3_m,T2,Acropora digitifera / tumida,Medium,Bleached,9,
Bluff Island,2024-08-05,2_3_m,T2,Acropora digitifera / tumida,Small,Pigmented,1,
Bluff Island,2024-08-05,2_3_m,T2,Acropora digitifera / tumida,Small,Partial bleached,6,
Bluff Island,2024-08-05,2_3_m,T2,Acropora digitifera / tumida,Small,Bleached,9,
Bluff Island,2024-08-05,2_3_m,T2,Acropora pruniosa / solitiariensis,Large,Bleached,1,
Bluff Island,2024-08-05,2_3_m,T2,Dead unknown,Small,Dead,1,Partial mortality / more than 1/2 colony is dead
Bluff Island,2024-08-05,2_3_m,T3,Porites lutea,Medium,Pigmented,2,
Bluff Island,2024-08-05,2_3_m,T3,Porites lutea,Medium,Partial bleached,4,
Bluff Island,2024-08-05,2_3_m,T3,Porites lutea,Medium,Bleached,1,
Bluff Island,2024-08-05,2_3_m,T3,Porites lutea,Small,Pigmented,7,
Bluff Island,2024-08-05,2_3_m,T3,Porites lutea,Small,Partial bleached,5,
Bluff Island,2024-08-05,2_3_m,T3,Platygyra carnosus / acuta,Large,Pigmented,1,
Bluff Island,2024-08-05,2_3_m,T3,Platygyra carnosus / acuta,Large,Bleached,1,
Bluff Island,2024-08-05,2_3_m,T3,Platygyra carnosus / acuta,Medium,Pigmented,1,
Bluff Island,2024-08-05,2_3_m,T3,Platygyra carnosus / acuta,Medium,Partial bleached,3,
Bluff Island,2024-08-05,2_3_m,T3,Platygyra carnosus / acuta,Small,Partial bleached,3,
Bluff Island,2024-08-05,2_3_m,T3,Pavona decussata,Large,Partial bleached,1,
Bluff Island,2024-08-05,2_3_m,T3,Pavona decussata,Medium,Pigmented,3,
Bluff Island,2024-08-05,2_3_m,T3,Pavona decussata,Medium,Partial bleached,1,
Bluff Island,2024-08-05,2_3_m,T3,Pavona decussata,Small,Pigmented,1,
Bluff Island,2024-08-05,2_3_m,T3,Pavona decussata,Small,Partial bleached,2,
Bluff Island,2024-08-05,2_3_m,T3,Turbinaria peltata,Large,Partial bleached,2,
Bluff Island,2024-08-05,2_3_m,T3,Turbinaria peltata,Medium,Partial bleached,1,
Bluff Island,2024-08-05,2_3_m,T3,Dipsastraea rotumana / speciosa,Small,Pigmented,1,
Bluff Island,2024-08-05,2_3_m,T3,Dipsastraea rotumana / speciosa,Small,Bleached,1,
Bluff Island,2024-08-05,2_3_m,T3,Psammocora superficialis,Medium,Pigmented,1,
Bluff Island,2024-08-05,2_3_m,T3,Acropora digitifera / tumida,Large,Pigmented,1,
Bluff Island,2024-08-05,2_3_m,T3,Acropora digitifera / tumida,Large,Partial bleached,2,
Bluff Island,2024-08-05,2_3_m,T3,Acropora digitifera / tumida,Large,Bleached,7,
Bluff Island,2024-08-05,2_3_m,T3,Acropora digitifera / tumida,Medium,Partial bleached,5,
Bluff Island,2024-08-05,2_3_m,T3,Acropora digitifera / tumida,Medium,Bleached,12,
Bluff Island,2024-08-05,2_3_m,T3,Acropora digitifera / tumida,Medium,Dead,1,
Bluff Island,2024-08-05,2_3_m,T3,Acropora digitifera / tumida,Small,Pigmented,1,
Bluff Island,2024-08-05,2_3_m,T3,Acropora digitifera / tumida,Small,Partial bleached,1,
Bluff Island,2024-08-05,2_3_m,T3,Unknown,Large,Pigmented,1,
Bluff Island,2024-08-05,2_3_m,T3,Unknown,Medium,Pigmented,1,
Bluff Island,2024-08-05,2_3_m,T3,Unknown,Medium,Bleached,1,
Bluff Island,2024-08-05,2_3_m,T3,Unknown,Small,Bleached,1,
Bluff Island,2024-08-05,2_3_m,T3,Acropora digitifera / tumida,Small,Bleached,9,Change of site
Tung Ping Chau,2024-08-09,2_3_m,T1,Porites lutea,Large,Partial bleached,2,
Tung Ping Chau,2024-08-09,2_3_m,T1,Porites lutea,Large,Bleached,5,
Tung Ping Chau,2024-08-09,2_3_m,T1,Porites lutea,Medium,Pigmented,4,
Tung Ping Chau,2024-08-09,2_3_m,T1,Porites lutea,Medium,Partial bleached,7,
Tung Ping Chau,2024-08-09,2_3_m,T1,Porites lutea,Medium,Bleached,12,
Tung Ping Chau,2024-08-09,2_3_m,T1,Porites lutea,Medium,Dead,2,
Tung Ping Chau,2024-08-09,2_3_m,T1,Porites lutea,Small,Pigmented,3,
Tung Ping Chau,2024-08-09,2_3_m,T1,Porites lutea,Small,Partial bleached,4,
Tung Ping Chau,2024-08-09,2_3_m,T1,Porites lutea,Small,Bleached,8,
Tung Ping Chau,2024-08-09,2_3_m,T1,Porites lutea,Small,Dead,1,
Tung Ping Chau,2024-08-09,2_3_m,T1,Platygyra carnosus / acuta,Large,Partial bleached,1,
Tung Ping Chau,2024-08-09,2_3_m,T1,Platygyra carnosus / acuta,Large,Bleached,8,
Tung Ping Chau,2024-08-09,2_3_m,T1,Platygyra carnosus / acuta,Medium,Partial bleached,1,
Tung Ping Chau,2024-08-09,2_3_m,T1,Platygyra carnosus / acuta,Medium,Bleached,4,
Tung Ping Chau,2024-08-09,2_3_m,T1,Platygyra carnosus / acuta,Small,Bleached,2,
Tung Ping Chau,2024-08-09,2_3_m,T1,Pavona decussata,Large,Partial bleached,2,
Tung Ping Chau,2024-08-09,2_3_m,T1,Pavona decussata,Large,Bleached,8,
Tung Ping Chau,2024-08-09,2_3_m,T1,Pavona decussata,Medium,Pigmented,2,
Tung Ping Chau,2024-08-09,2_3_m,T1,Pavona decussata,Medium,Partial bleached,7,
Tung Ping Chau,2024-08-09,2_3_m,T1,Pavona decussata,Medium,Bleached,4,
Tung Ping Chau,2024-08-09,2_3_m,T1,Pavona decussata,Small,Pigmented,1,
Tung Ping Chau,2024-08-09,2_3_m,T1,Pavona decussata,Small,Partial bleached,2,
Tung Ping Chau,2024-08-09,2_3_m,T1,Pavona decussata,Small,Bleached,3,
Tung Ping Chau,2024-08-09,2_3_m,T1,Turbinaria peltata,Large,Bleached,1,
Tung Ping Chau,2024-08-09,2_3_m,T1,Goniopora columna or sp.,Large,Bleached,1,
Tung Ping Chau,2024-08-09,2_3_m,T1,Goniopora columna or sp.,Medium,Bleached,1,
Tung Ping Chau,2024-08-09,2_3_m,T1,Goniopora columna or sp.,Small,Bleached,1,
Tung Ping Chau,2024-08-09,2_3_m,T1,Dipsastraea rotumana / speciosa,Medium,Partial bleached,4,
Tung Ping Chau,2024-08-09,2_3_m,T1,Dipsastraea rotumana / speciosa,Medium,Bleached,6,
Tung Ping Chau,2024-08-09,2_3_m,T1,Dipsastraea rotumana / speciosa,Small,Pigmented,2,
Tung Ping Chau,2024-08-09,2_3_m,T1,Dipsastraea rotumana / speciosa,Small,Partial bleached,1,
Tung Ping Chau,2024-08-09,2_3_m,T1,Favites pentagona,Medium,Bleached,1,
Tung Ping Chau,2024-08-09,2_3_m,T1,Favites abdita or sp.,Medium,Partial bleached,2,
Tung Ping Chau,2024-08-09,2_3_m,T1,Favites abdita or sp.,Medium,Bleached,2,
Tung Ping Chau,2024-08-09,2_3_m,T1,Cyphastrea serailia / japonica,Large,Bleached,1,
Tung Ping Chau,2024-08-09,2_3_m,T1,Cyphastrea serailia / japonica,Medium,Bleached,1,
Tung Ping Chau,2024-08-09,2_3_m,T1,Hydnophora exesa,Medium,Bleached,2,
Tung Ping Chau,2024-08-09,2_3_m,T1,Acropora digitifera / tumida,Large,Bleached,1,
Tung Ping Chau,2024-08-09,2_3_m,T1,Acropora digitifera / tumida,Medium,Bleached,4,
Tung Ping Chau,2024-08-09,2_3_m,T1,Porites aranetai / deformis,Large,Pigmented,3,
Tung Ping Chau,2024-08-09,2_3_m,T1,Porites aranetai / deformis,Large,Partial bleached,2,
Tung Ping Chau,2024-08-09,2_3_m,T1,Porites aranetai / deformis,Medium,Pigmented,3,
Tung Ping Chau,2024-08-09,2_3_m,T1,Unknown,Large,Bleached,2,
Tung Ping Chau,2024-08-09,2_3_m,T1,Unknown,Medium,Partial bleached,1,
Tung Ping Chau,2024-08-09,2_3_m,T1,Unknown,Medium,Bleached,1,
Tung Ping Chau,2024-08-09,2_3_m,T1,Unknown,Small,Partial bleached,1,
Tung Ping Chau,2024-08-09,2_3_m,T1,Unknown,Small,Bleached,1,
Tung Ping Chau,2024-08-09,2_3_m,T1,Porites aranetai / deformis,Medium,Partial bleached,2,
Tung Ping Chau,2024-08-09,2_3_m,T1,Porites aranetai / deformis,Small,Partial bleached,2,
Tung Ping Chau,2024-08-09,2_3_m,T2,Porites lutea,Large,Partial bleached,2,New transect
Tung Ping Chau,2024-08-09,2_3_m,T2,Porites lutea,Large,Bleached,5,
Tung Ping Chau,2024-08-09,2_3_m,T2,Porites lutea,Large,Dead,1,
Tung Ping Chau,2024-08-09,2_3_m,T2,Porites lutea,Medium,Pigmented,2,
Tung Ping Chau,2024-08-09,2_3_m,T2,Porites lutea,Medium,Partial bleached,7,
Tung Ping Chau,2024-08-09,2_3_m,T2,Porites lutea,Medium,Bleached,13,
Tung Ping Chau,2024-08-09,2_3_m,T2,Porites lutea,Medium,Dead,1,
Tung Ping Chau,2024-08-09,2_3_m,T2,Porites lutea,Small,Partial bleached,8,
Tung Ping Chau,2024-08-09,2_3_m,T2,Porites lutea,Small,Bleached,9,
Tung Ping Chau,2024-08-09,2_3_m,T2,Platygyra carnosus / acuta,Large,Partial bleached,1,
Tung Ping Chau,2024-08-09,2_3_m,T2,Platygyra carnosus / acuta,Large,Bleached,4,
Tung Ping Chau,2024-08-09,2_3_m,T2,Platygyra carnosus / acuta,Medium,Partial bleached,1,
Tung Ping Chau,2024-08-09,2_3_m,T2,Platygyra carnosus / acuta,Medium,Bleached,2,
Tung Ping Chau,2024-08-09,2_3_m,T2,Platygyra carnosus / acuta,Small,Partial bleached,1,
Tung Ping Chau,2024-08-09,2_3_m,T2,Platygyra carnosus / acuta,Small,Bleached,3,
Tung Ping Chau,2024-08-09,2_3_m,T2,Pavona decussata,Large,Pigmented,1,
Tung Ping Chau,2024-08-09,2_3_m,T2,Pavona decussata,Large,Partial bleached,2,
Tung Ping Chau,2024-08-09,2_3_m,T2,Pavona decussata,Large,Bleached,1,
Tung Ping Chau,2024-08-09,2_3_m,T2,Pavona decussata,Medium,Pigmented,1,
Tung Ping Chau,2024-08-09,2_3_m,T2,Pavona decussata,Medium,Partial bleached,6,
Tung Ping Chau,2024-08-09,2_3_m,T2,Pavona decussata,Small,Partial bleached,3,
Tung Ping Chau,2024-08-09,2_3_m,T2,Pavona decussata,Small,Bleached,1,
Tung Ping Chau,2024-08-09,2_3_m,T2,Turbinaria peltata,Large,Bleached,1,
Tung Ping Chau,2024-08-09,2_3_m,T2,Dipsastraea rotumana / speciosa,Medium,Partial bleached,5,
Tung Ping Chau,2024-08-09,2_3_m,T2,Dipsastraea rotumana / speciosa,Medium,Bleached,9,
Tung Ping Chau,2024-08-09,2_3_m,T2,Dipsastraea rotumana / speciosa,Small,Partial bleached,10,
Tung Ping Chau,2024-08-09,2_3_m,T2,Dipsastraea rotumana / speciosa,Small,Bleached,6,
Tung Ping Chau,2024-08-09,2_3_m,T2,Favites abdita or sp.,Medium,Partial bleached,1,
Tung Ping Chau,2024-08-09,2_3_m,T2,Favites abdita or sp.,Medium,Bleached,1,
Tung Ping Chau,2024-08-09,2_3_m,T2,Favites chinensis  / Gonia aspera,Medium,Bleached,1,
Tung Ping Chau,2024-08-09,2_3_m,T2,Favites chinensis  / Gonia aspera,Small,Partial bleached,1,
Tung Ping Chau,2024-08-09,2_3_m,T2,Favites chinensis  / Gonia aspera,Small,Bleached,1,
Tung Ping Chau,2024-08-09,2_3_m,T2,Psammocora superficialis,Medium,Bleached,2,
Tung Ping Chau,2024-08-09,2_3_m,T2,Psammocora superficialis,Small,Partial bleached,1,
Tung Ping Chau,2024-08-09,2_3_m,T2,Psammocora superficialis,Small,Bleached,2,
Tung Ping Chau,2024-08-09,2_3_m,T2,Acropora digitifera / tumida,Large,Bleached,1,
Tung Ping Chau,2024-08-09,2_3_m,T2,Acropora digitifera / tumida,Medium,Bleached,1,
Tung Ping Chau,2024-08-09,2_3_m,T2,Acropora pruniosa / solitiariensis,Medium,Partial bleached,2,
Tung Ping Chau,2024-08-09,2_3_m,T2,Porites aranetai / deformis,Medium,Pigmented,1,
Tung Ping Chau,2024-08-09,2_3_m,T2,Porites aranetai / deformis,Medium,Partial bleached,3,
Tung Ping Chau,2024-08-09,2_3_m,T2,Porites aranetai / deformis,Small,Partial bleached,1,
Tung Ping Chau,2024-08-09,2_3_m,T2,Unknown,Medium,Bleached,2,These Unknowns are all the same
Tung Ping Chau,2024-08-09,2_3_m,T2,Unknown,Small,Bleached,1,
Tung Ping Chau,2024-08-09,2_3_m,T2,Dead unknown,Medium,Dead,2,
Tung Ping Chau,2024-08-09,2_3_m,T2,Dead unknown,Small,Dead,1,
Tung Ping Chau,2024-08-09,2_3_m,T3,Porites lutea,Large,Partial bleached,3,Transect 3
Tung Ping Chau,2024-08-09,2_3_m,T3,Porites lutea,Large,Bleached,5,
Tung Ping Chau,2024-08-09,2_3_m,T3,Porites lutea,Medium,Pigmented,2,
Tung Ping Chau,2024-08-09,2_3_m,T3,Porites lutea,Medium,Partial bleached,5,
Tung Ping Chau,2024-08-09,2_3_m,T3,Porites lutea,Medium,Bleached,21,
Tung Ping Chau,2024-08-09,2_3_m,T3,Porites lutea,Medium,Dead,1,
Tung Ping Chau,2024-08-09,2_3_m,T3,Porites lutea,Small,Pigmented,2,
Tung Ping Chau,2024-08-09,2_3_m,T3,Porites lutea,Small,Partial bleached,4,
Tung Ping Chau,2024-08-09,2_3_m,T3,Porites lutea,Small,Bleached,13,
Tung Ping Chau,2024-08-09,2_3_m,T3,Porites lutea,Small,Dead,1,
Tung Ping Chau,2024-08-09,2_3_m,T3,Platygyra carnosus / acuta,Large,Bleached,5,
Tung Ping Chau,2024-08-09,2_3_m,T3,Platygyra carnosus / acuta,Medium,Bleached,4,
Tung Ping Chau,2024-08-09,2_3_m,T3,Platygyra carnosus / acuta,Small,Partial bleached,1,
Tung Ping Chau,2024-08-09,2_3_m,T3,Platygyra carnosus / acuta,Small,Bleached,2,
Tung Ping Chau,2024-08-09,2_3_m,T3,Pavona decussata,Medium,Partial bleached,3,
Tung Ping Chau,2024-08-09,2_3_m,T3,Pavona decussata,Medium,Bleached,1,
Tung Ping Chau,2024-08-09,2_3_m,T3,Pavona decussata,Small,Bleached,1,
Tung Ping Chau,2024-08-09,2_3_m,T3,Goniopora columna or sp.,Large,Bleached,2,
Tung Ping Chau,2024-08-09,2_3_m,T3,Goniopora columna or sp.,Medium,Bleached,3,
Tung Ping Chau,2024-08-09,2_3_m,T3,Goniopora columna or sp.,Small,Bleached,4,
Tung Ping Chau,2024-08-09,2_3_m,T3,Dipsastraea rotumana / speciosa,Medium,Partial bleached,3,
Tung Ping Chau,2024-08-09,2_3_m,T3,Dipsastraea rotumana / speciosa,Medium,Bleached,8,
Tung Ping Chau,2024-08-09,2_3_m,T3,Dipsastraea rotumana / speciosa,Small,Pigmented,1,
Tung Ping Chau,2024-08-09,2_3_m,T3,Dipsastraea rotumana / speciosa,Small,Partial bleached,5,
Tung Ping Chau,2024-08-09,2_3_m,T3,Dipsastraea rotumana / speciosa,Small,Bleached,8,
Tung Ping Chau,2024-08-09,2_3_m,T3,Favites abdita or sp.,Medium,Partial bleached,1,
Tung Ping Chau,2024-08-09,2_3_m,T3,Favites abdita or sp.,Medium,Bleached,5,
Tung Ping Chau,2024-08-09,2_3_m,T3,Favites abdita or sp.,Small,Partial bleached,1,
Tung Ping Chau,2024-08-09,2_3_m,T3,Favites abdita or sp.,Small,Bleached,3,
Tung Ping Chau,2024-08-09,2_3_m,T3,Favites chinensis  / Gonia aspera,Large,Bleached,1,
Tung Ping Chau,2024-08-09,2_3_m,T3,Favites chinensis  / Gonia aspera,Medium,Partial bleached,1,
Tung Ping Chau,2024-08-09,2_3_m,T3,Favites chinensis  / Gonia aspera,Medium,Bleached,3,
Tung Ping Chau,2024-08-09,2_3_m,T3,Favites chinensis  / Gonia aspera,Small,Bleached,1,
Tung Ping Chau,2024-08-09,2_3_m,T3,Psammocora superficialis,Large,Bleached,1,
Tung Ping Chau,2024-08-09,2_3_m,T3,Psammocora superficialis,Medium,Bleached,1,
Tung Ping Chau,2024-08-09,2_3_m,T3,Acropora digitifera / tumida,Large,Bleached,1,
Tung Ping Chau,2024-08-09,2_3_m,T3,Acropora digitifera / tumida,Medium,Bleached,2,
Tung Ping Chau,2024-08-09,2_3_m,T3,Acropora digitifera / tumida,Small,Bleached,5,
Tung Ping Chau,2024-08-09,2_3_m,T3,Porites aranetai / deformis,Medium,Pigmented,3,
Tung Ping Chau,2024-08-09,2_3_m,T3,Porites aranetai / deformis,Medium,Partial bleached,6,
Tung Ping Chau,2024-08-09,2_3_m,T3,Unknown,Medium,Bleached,1,
Tung Ping Chau,2024-08-09,2_3_m,T3,Unknown,Small,Bleached,1,
Tung Ping Chau,2024-08-09,2_3_m,T3,Porites aranetai / deformis,Small,Partial bleached,1,
Tung Ping Chau,2024-11-06,2_3_m,T1,Porites lutea,Large,Pigmented,4,New site. First one after bleaching / remember to add the pending coral identification colonies
Tung Ping Chau,2024-11-06,2_3_m,T1,Porites lutea,Large,Partial bleached,1,
Tung Ping Chau,2024-11-06,2_3_m,T1,Porites lutea,Medium,Pigmented,19,
Tung Ping Chau,2024-11-06,2_3_m,T1,Porites lutea,Medium,Partial bleached,5,
Tung Ping Chau,2024-11-06,2_3_m,T1,Porites lutea,Medium,Dead,1,
Tung Ping Chau,2024-11-06,2_3_m,T1,Porites lutea,Small,Pigmented,22,
Tung Ping Chau,2024-11-06,2_3_m,T1,Porites lutea,Small,Partial bleached,2,
Tung Ping Chau,2024-11-06,2_3_m,T1,Porites lutea,Small,Dead,2,Partially dead
Tung Ping Chau,2024-11-06,2_3_m,T1,Platygyra carnosus / acuta,Large,Pigmented,1,
Tung Ping Chau,2024-11-06,2_3_m,T1,Platygyra carnosus / acuta,Large,Partial bleached,1,
Tung Ping Chau,2024-11-06,2_3_m,T1,Platygyra carnosus / acuta,Medium,Pigmented,6,
Tung Ping Chau,2024-11-06,2_3_m,T1,Platygyra carnosus / acuta,Medium,Partial bleached,1,
Tung Ping Chau,2024-11-06,2_3_m,T1,Platygyra carnosus / acuta,Small,Pigmented,2,
Tung Ping Chau,2024-11-06,2_3_m,T1,Pavona decussata,Large,Pigmented,2,
Tung Ping Chau,2024-11-06,2_3_m,T1,Pavona decussata,Medium,Pigmented,2,
Tung Ping Chau,2024-11-06,2_3_m,T1,Pavona decussata,Medium,Partial bleached,1,
Tung Ping Chau,2024-11-06,2_3_m,T1,Pavona decussata,Small,Dead,1,
Tung Ping Chau,2024-11-06,2_3_m,T1,Goniopora columna or sp.,Medium,Pigmented,3,
Tung Ping Chau,2024-11-06,2_3_m,T1,Goniopora columna or sp.,Small,Pigmented,3,
Tung Ping Chau,2024-11-06,2_3_m,T1,Dipsastraea rotumana / speciosa,Medium,Pigmented,3,
Tung Ping Chau,2024-11-06,2_3_m,T1,Dipsastraea rotumana / speciosa,Medium,Partial bleached,1,
Tung Ping Chau,2024-11-06,2_3_m,T1,Dipsastraea rotumana / speciosa,Medium,Dead,1,
Tung Ping Chau,2024-11-06,2_3_m,T1,Dipsastraea rotumana / speciosa,Small,Pigmented,6,
Tung Ping Chau,2024-11-06,2_3_m,T1,Dipsastraea rotumana / speciosa,Small,Partial bleached,2,
Tung Ping Chau,2024-11-06,2_3_m,T1,Dipsastraea rotumana / speciosa,Small,Dead,6,
Tung Ping Chau,2024-11-06,2_3_m,T1,Favites abdita or sp.,Medium,Pigmented,1,
Tung Ping Chau,2024-11-06,2_3_m,T1,Favites chinensis  / Gonia aspera,Medium,Pigmented,1,
Tung Ping Chau,2024-11-06,2_3_m,T1,Leptastrea purpurea / pruinosa / sp.,Medium,Pigmented,1,
Tung Ping Chau,2024-11-06,2_3_m,T1,Acropora digitifera / tumida,Medium,Pigmented,3,
Tung Ping Chau,2024-11-06,2_3_m,T1,Acropora digitifera / tumida,Medium,Dead,2,"I almost marked this coral as Unknown, but I really think it is a dead Acropora"
Tung Ping Chau,2024-11-06,2_3_m,T1,Acropora digitifera / tumida,Small,Dead,1,
Tung Ping Chau,2024-11-06,2_3_m,T1,Porites aranetai / deformis,Medium,Pigmented,1,
Tung Ping Chau,2024-11-06,2_3_m,T1,Porites aranetai / deformis,Medium,Partial bleached,2,
Tung Ping Chau,2024-11-06,2_3_m,T1,Unknown,Medium,Pigmented,1,
Tung Ping Chau,2024-11-06,2_3_m,T1,Unknown,Small,Bleached,1,
Tung Ping Chau,2024-11-06,2_3_m,T1,Porites aranetai / deformis,Small,Pigmented,1,
Tung Ping Chau,2024-11-06,2_3_m,T2,Porites lutea,Large,Pigmented,8,New transect. Very difficult to isolate mortality from bleaching and oysters with bioerosion
Tung Ping Chau,2024-11-06,2_3_m,T2,Porites lutea,Medium,Pigmented,26,
Tung Ping Chau,2024-11-06,2_3_m,T2,Porites lutea,Medium,Partial bleached,3,
Tung Ping Chau,2024-11-06,2_3_m,T2,Porites lutea,Medium,Bleached,1,
Tung Ping Chau,2024-11-06,2_3_m,T2,Porites lutea,Medium,Dead,1,
Tung Ping Chau,2024-11-06,2_3_m,T2,Porites lutea,Small,Pigmented,25,
Tung Ping Chau,2024-11-06,2_3_m,T2,Porites lutea,Small,Partial bleached,1,
Tung Ping Chau,2024-11-06,2_3_m,T2,Porites lutea,Small,Dead,2,
Tung Ping Chau,2024-11-06,2_3_m,T2,Platygyra carnosus / acuta,Large,Pigmented,3,
Tung Ping Chau,2024-11-06,2_3_m,T2,Platygyra carnosus / acuta,Medium,Pigmented,2,
Tung Ping Chau,2024-11-06,2_3_m,T2,Platygyra carnosus / acuta,Medium,Partial bleached,2,
Tung Ping Chau,2024-11-06,2_3_m,T2,Platygyra carnosus / acuta,Small,Pigmented,1,
Tung Ping Chau,2024-11-06,2_3_m,T2,Pavona decussata,Large,Dead,1,
Tung Ping Chau,2024-11-06,2_3_m,T2,Turbinaria peltata,Large,Pigmented,1,
Tung Ping Chau,2024-11-06,2_3_m,T2,Dipsastraea rotumana / speciosa,Large,Pigmented,1,
Tung Ping Chau,2024-11-06,2_3_m,T2,Dipsastraea rotumana / speciosa,Medium,Pigmented,3,
Tung Ping Chau,2024-11-06,2_3_m,T2,Dipsastraea rotumana / speciosa,Medium,Dead,3,
Tung Ping Chau,2024-11-06,2_3_m,T2,Dipsastraea rotumana / speciosa,Small,Pigmented,6,
Tung Ping Chau,2024-11-06,2_3_m,T2,Dipsastraea rotumana / speciosa,Small,Dead,5,
Tung Ping Chau,2024-11-06,2_3_m,T2,Favites pentagona,Small,Pigmented,1,
Tung Ping Chau,2024-11-06,2_3_m,T2,Favites abdita or sp.,Small,Bleached,1,
Tung Ping Chau,2024-11-06,2_3_m,T2,Porites aranetai / deformis,Large,Partial bleached,1,
Tung Ping Chau,2024-11-06,2_3_m,T2,Porites aranetai / deformis,Medium,Pigmented,2,
Tung Ping Chau,2024-11-06,2_3_m,T2,Porites aranetai / deformis,Small,Partial bleached,2,
Tung Ping Chau,2024-11-06,2_3_m,T2,Unknown,Large,Pigmented,1,
Tung Ping Chau,2024-11-06,2_3_m,T2,Unknown,Large,Dead,2,
Tung Ping Chau,2024-11-06,2_3_m,T2,Unknown,Medium,Pigmented,1,
Tung Ping Chau,2024-11-06,2_3_m,T2,Unknown,Medium,Bleached,1,
Tung Ping Chau,2024-11-06,2_3_m,T2,Dead unknown,Medium,Dead,1,
Tung Ping Chau,2024-11-06,2_3_m,T2,Dead unknown,Small,Dead,1,
Tung Ping Chau,2024-11-06,2_3_m,T3,Porites lutea,Large,Pigmented,7,New transect. Remember to add the missing coral pending to identify colonies
Tung Ping Chau,2024-11-06,2_3_m,T3,Porites lutea,Medium,Pigmented,17,
Tung Ping Chau,2024-11-06,2_3_m,T3,Porites lutea,Medium,Partial bleached,2,
Tung Ping Chau,2024-11-06,2_3_m,T3,Porites lutea,Small,Pigmented,21,
Tung Ping Chau,2024-11-06,2_3_m,T3,Porites lutea,Small,Partial bleached,2,
Tung Ping Chau,2024-11-06,2_3_m,T3,Platygyra carnosus / acuta,Large,Pigmented,1,
Tung Ping Chau,2024-11-06,2_3_m,T3,Platygyra carnosus / acuta,Large,Partial bleached,1,
Tung Ping Chau,2024-11-06,2_3_m,T3,Platygyra carnosus / acuta,Medium,Pigmented,4,
Tung Ping Chau,2024-11-06,2_3_m,T3,Pavona decussata,Medium,Pigmented,4,
Tung Ping Chau,2024-11-06,2_3_m,T3,Pavona decussata,Small,Pigmented,6,
Tung Ping Chau,2024-11-06,2_3_m,T3,Pavona decussata,Small,Partial bleached,1,
Tung Ping Chau,2024-11-06,2_3_m,T3,Goniopora columna or sp.,Large,Pigmented,2,
Tung Ping Chau,2024-11-06,2_3_m,T3,Goniopora columna or sp.,Medium,Pigmented,3,
Tung Ping Chau,2024-11-06,2_3_m,T3,Goniopora columna or sp.,Small,Pigmented,4,
Tung Ping Chau,2024-11-06,2_3_m,T3,Dipsastraea rotumana / speciosa,Medium,Pigmented,2,
Tung Ping Chau,2024-11-06,2_3_m,T3,Dipsastraea rotumana / speciosa,Medium,Dead,1,
Tung Ping Chau,2024-11-06,2_3_m,T3,Dipsastraea rotumana / speciosa,Small,Pigmented,4,
Tung Ping Chau,2024-11-06,2_3_m,T3,Dipsastraea rotumana / speciosa,Small,Dead,2,
Tung Ping Chau,2024-11-06,2_3_m,T3,Favites chinensis  / Gonia aspera,Large,Pigmented,1,Previously categorised as unknown
Tung Ping Chau,2024-11-06,2_3_m,T3,Leptastrea purpurea / pruinosa / sp.,Medium,Pigmented,1,
Tung Ping Chau,2024-11-06,2_3_m,T3,Leptastrea purpurea / pruinosa / sp.,Small,Pigmented,1,
Tung Ping Chau,2024-11-06,2_3_m,T3,Porites aranetai / deformis,Large,Pigmented,1,
Tung Ping Chau,2024-11-06,2_3_m,T3,Porites aranetai / deformis,Medium,Pigmented,1,
Tung Ping Chau,2024-11-06,2_3_m,T3,Unknown,Medium,Uncategorised,1,I decided to add this new category!
Tung Ping Chau,2024-11-06,2_3_m,T3,Unknown,Medium,Dead,1,The part not dead has partial bleaching
Tung Ping Chau,2024-11-06,2_3_m,T3,Unknown,Small,Dead,1,The part not dead has partial bleaching
Tung Ping Chau,2024-11-06,2_3_m,T3,Dead unknown,Medium,Dead,1,
Tung Ping Chau,2024-08-09,4_5_m,T1,Porites lutea,Large,Bleached,1,New site. During bleaching
Tung Ping Chau,2024-08-09,4_5_m,T1,Porites lutea,Medium,Pigmented,7,In these 3 Transects there was a confusion while going through the pending colonies! It should be fixed now! 
Tung Ping Chau,2024-08-09,4_5_m,T1,Porites lutea,Medium,Partial bleached,3,
Tung Ping Chau,2024-08-09,4_5_m,T1,Porites lutea,Medium,Bleached,1,
Tung Ping Chau,2024-08-09,4_5_m,T1,Porites lutea,Small,Pigmented,5,
Tung Ping Chau,2024-08-09,4_5_m,T1,Porites lutea,Small,Partial bleached,7,
Tung Ping Chau,2024-08-09,4_5_m,T1,Porites lutea,Small,Bleached,3,
Tung Ping Chau,2024-08-09,4_5_m,T1,Platygyra carnosus / acuta,Large,Pigmented,1,
Tung Ping Chau,2024-08-09,4_5_m,T1,Platygyra carnosus / acuta,Large,Partial bleached,3,
Tung Ping Chau,2024-08-09,4_5_m,T1,Platygyra carnosus / acuta,Medium,Pigmented,2,
Tung Ping Chau,2024-08-09,4_5_m,T1,Platygyra carnosus / acuta,Medium,Partial bleached,1,
Tung Ping Chau,2024-08-09,4_5_m,T1,Platygyra carnosus / acuta,Medium,Bleached,1,
Tung Ping Chau,2024-08-09,4_5_m,T1,Platygyra carnosus / acuta,Small,Pigmented,1,
Tung Ping Chau,2024-08-09,4_5_m,T1,Pavona decussata,Large,Partial bleached,1,
Tung Ping Chau,2024-08-09,4_5_m,T1,Pavona decussata,Medium,Pigmented,2,
Tung Ping Chau,2024-08-09,4_5_m,T1,Pavona decussata,Medium,Partial bleached,7,
Tung Ping Chau,2024-08-09,4_5_m,T1,Pavona decussata,Small,Partial bleached,1,
Tung Ping Chau,2024-08-09,4_5_m,T1,Dipsastraea rotumana / speciosa,Medium,Bleached,1,
Tung Ping Chau,2024-08-09,4_5_m,T1,Dipsastraea rotumana / speciosa,Small,Pigmented,4,
Tung Ping Chau,2024-08-09,4_5_m,T1,Dipsastraea rotumana / speciosa,Small,Partial bleached,1,
Tung Ping Chau,2024-08-09,4_5_m,T1,Dipsastraea rotumana / speciosa,Small,Bleached,3,
Tung Ping Chau,2024-08-09,4_5_m,T1,Favites pentagona,Medium,Bleached,1,
Tung Ping Chau,2024-08-09,4_5_m,T1,Favites abdita or sp.,Medium,Pigmented,1,
Tung Ping Chau,2024-08-09,4_5_m,T1,Favites abdita or sp.,Small,Pigmented,1,
Tung Ping Chau,2024-08-09,4_5_m,T1,Leptastrea purpurea / pruinosa / sp.,Medium,Partial bleached,1,
Tung Ping Chau,2024-08-09,4_5_m,T1,Leptastrea purpurea / pruinosa / sp.,Small,Partial bleached,1,
Tung Ping Chau,2024-08-09,4_5_m,T1,Cyphastrea serailia / japonica,Large,Bleached,2,In the first round marked as unknown. I had a note that Coral unknown 4 and 6 looked similar. Some of the unknowns might also be Cyphatrea but I am not sure
Tung Ping Chau,2024-08-09,4_5_m,T1,Unknown,Large,Pigmented,1,
Tung Ping Chau,2024-08-09,4_5_m,T1,Unknown,Large,Bleached,3,
Tung Ping Chau,2024-08-09,4_5_m,T1,Unknown,Medium,Bleached,1,
Tung Ping Chau,2024-08-09,4_5_m,T1,Unknown,Small,Bleached,1,
Tung Ping Chau,2024-08-09,4_5_m,T1,Psammocora superficialis,Medium,Pigmented,1,
Tung Ping Chau,2024-08-09,4_5_m,T2,Porites lutea,Medium,Partial bleached,3,The video is divided in two. There is one huge Pavona of almost 15-20''. Impossible to differentitate from individual colonies
Tung Ping Chau,2024-08-09,4_5_m,T2,Porites lutea,Medium,Bleached,2,
Tung Ping Chau,2024-08-09,4_5_m,T2,Porites lutea,Small,Pigmented,3,
Tung Ping Chau,2024-08-09,4_5_m,T2,Porites lutea,Small,Partial bleached,6,
Tung Ping Chau,2024-08-09,4_5_m,T2,Porites lutea,Small,Bleached,1,
Tung Ping Chau,2024-08-09,4_5_m,T2,Platygyra carnosus / acuta,Large,Partial bleached,6,
Tung Ping Chau,2024-08-09,4_5_m,T2,Platygyra carnosus / acuta,Large,Bleached,2,
Tung Ping Chau,2024-08-09,4_5_m,T2,Platygyra carnosus / acuta,Medium,Pigmented,4,
Tung Ping Chau,2024-08-09,4_5_m,T2,Platygyra carnosus / acuta,Medium,Partial bleached,3,
Tung Ping Chau,2024-08-09,4_5_m,T2,Platygyra carnosus / acuta,Medium,Bleached,3,
Tung Ping Chau,2024-08-09,4_5_m,T2,Platygyra carnosus / acuta,Small,Pigmented,4,
Tung Ping Chau,2024-08-09,4_5_m,T2,Platygyra carnosus / acuta,Small,Partial bleached,1,
Tung Ping Chau,2024-08-09,4_5_m,T2,Platygyra carnosus / acuta,Small,Bleached,4,
Tung Ping Chau,2024-08-09,4_5_m,T2,Pavona decussata,Large,Pigmented,2,
Tung Ping Chau,2024-08-09,4_5_m,T2,Pavona decussata,Large,Partial bleached,9,
Tung Ping Chau,2024-08-09,4_5_m,T2,Pavona decussata,Large,Bleached,1,
Tung Ping Chau,2024-08-09,4_5_m,T2,Pavona decussata,Medium,Pigmented,2,
Tung Ping Chau,2024-08-09,4_5_m,T2,Pavona decussata,Medium,Partial bleached,10,
Tung Ping Chau,2024-08-09,4_5_m,T2,Pavona decussata,Medium,Bleached,1,
Tung Ping Chau,2024-08-09,4_5_m,T2,Pavona decussata,Medium,Dead,1,
Tung Ping Chau,2024-08-09,4_5_m,T2,Pavona decussata,Small,Pigmented,4,
Tung Ping Chau,2024-08-09,4_5_m,T2,Pavona decussata,Small,Partial bleached,3,
Tung Ping Chau,2024-08-09,4_5_m,T2,Pavona decussata,Small,Bleached,2,
Tung Ping Chau,2024-08-09,4_5_m,T2,Turbinaria peltata,Large,Pigmented,1,
Tung Ping Chau,2024-08-09,4_5_m,T2,Goniopora columna or sp.,Large,Pigmented,1,
Tung Ping Chau,2024-08-09,4_5_m,T2,Goniopora columna or sp.,Large,Partial bleached,2,
Tung Ping Chau,2024-08-09,4_5_m,T2,Goniopora columna or sp.,Medium,Partial bleached,1,
Tung Ping Chau,2024-08-09,4_5_m,T2,Goniopora columna or sp.,Medium,Bleached,1,
Tung Ping Chau,2024-08-09,4_5_m,T2,Goniopora columna or sp.,Small,Partial bleached,2,
Tung Ping Chau,2024-08-09,4_5_m,T2,Dipsastraea rotumana / speciosa,Medium,Partial bleached,1,
Tung Ping Chau,2024-08-09,4_5_m,T2,Dipsastraea rotumana / speciosa,Small,Pigmented,8,
Tung Ping Chau,2024-08-09,4_5_m,T2,Dipsastraea rotumana / speciosa,Small,Partial bleached,1,
Tung Ping Chau,2024-08-09,4_5_m,T2,Dipsastraea rotumana / speciosa,Small,Bleached,1,
Tung Ping Chau,2024-08-09,4_5_m,T2,Dipsastraea rotumana / speciosa,Small,Dead,2,
Tung Ping Chau,2024-08-09,4_5_m,T2,Favites pentagona,Medium,Pigmented,1,
Tung Ping Chau,2024-08-09,4_5_m,T2,Favites pentagona,Small,Pigmented,2,
Tung Ping Chau,2024-08-09,4_5_m,T2,Hydnophora exesa,Small,Partial bleached,1,
Tung Ping Chau,2024-08-09,4_5_m,T2,Psammocora superficialis,Medium,Bleached,1,
Tung Ping Chau,2024-08-09,4_5_m,T2,Psammocora superficialis,Small,Partial bleached,1,
Tung Ping Chau,2024-08-09,4_5_m,T2,Psammocora superficialis,Small,Bleached,1,
Tung Ping Chau,2024-08-09,4_5_m,T2,Acropora digitifera / tumida,Medium,Pigmented,1,
Tung Ping Chau,2024-08-09,4_5_m,T2,Porites aranetai / deformis,Medium,Partial bleached,1,
Tung Ping Chau,2024-08-09,4_5_m,T2,Leptastrea purpurea / pruinosa / sp.,Large,Pigmented,1,
Tung Ping Chau,2024-08-09,4_5_m,T2,Unknown,Large,Partial bleached,1,"Most of these unknown colonies are the same species. I can tell! Corals 6, 7, 8, 10, 4"
Tung Ping Chau,2024-08-09,4_5_m,T2,Unknown,Large,Bleached,1,
Tung Ping Chau,2024-08-09,4_5_m,T2,Unknown,Large,Uncategorised,1,Looks like a Porites but I am not sure
Tung Ping Chau,2024-08-09,4_5_m,T2,Unknown,Medium,Uncategorised,1,I have seen this uncategorised colony. It is Coral 5 in the folder
Tung Ping Chau,2024-08-09,4_5_m,T2,Unknown,Medium,Partial bleached,1,
Tung Ping Chau,2024-08-09,4_5_m,T2,Unknown,Medium,Bleached,1,
Tung Ping Chau,2024-08-09,4_5_m,T2,Unknown,Small,Partial bleached,1,
Tung Ping Chau,2024-08-09,4_5_m,T2,Unknown,Small,Bleached,3,
Tung Ping Chau,2024-08-09,4_5_m,T2,Porites aranetai / deformis,Small,Partial bleached,1,
Tung Ping Chau,2024-08-09,4_5_m,T3,Porites lutea,Medium,Partial bleached,13,
Tung Ping Chau,2024-08-09,4_5_m,T3,Porites lutea,Medium,Bleached,3,
Tung Ping Chau,2024-08-09,4_5_m,T3,Porites lutea,Small,Pigmented,8,
Tung Ping Chau,2024-08-09,4_5_m,T3,Porites lutea,Small,Partial bleached,2,
Tung Ping Chau,2024-08-09,4_5_m,T3,Porites lutea,Small,Bleached,2,
Tung Ping Chau,2024-08-09,4_5_m,T3,Platygyra carnosus / acuta,Large,Pigmented,1,
Tung Ping Chau,2024-08-09,4_5_m,T3,Platygyra carnosus / acuta,Large,Partial bleached,2,
Tung Ping Chau,2024-08-09,4_5_m,T3,Platygyra carnosus / acuta,Large,Bleached,1,
Tung Ping Chau,2024-08-09,4_5_m,T3,Platygyra carnosus / acuta,Medium,Pigmented,2,
Tung Ping Chau,2024-08-09,4_5_m,T3,Platygyra carnosus / acuta,Medium,Partial bleached,5,
Tung Ping Chau,2024-08-09,4_5_m,T3,Platygyra carnosus / acuta,Medium,Bleached,2,
Tung Ping Chau,2024-08-09,4_5_m,T3,Platygyra carnosus / acuta,Small,Pigmented,2,
Tung Ping Chau,2024-08-09,4_5_m,T3,Platygyra carnosus / acuta,Small,Partial bleached,1,
Tung Ping Chau,2024-08-09,4_5_m,T3,Platygyra carnosus / acuta,Small,Bleached,1,
Tung Ping Chau,2024-08-09,4_5_m,T3,Pavona decussata,Large,Pigmented,13,
Tung Ping Chau,2024-08-09,4_5_m,T3,Pavona decussata,Large,Partial bleached,22,
Tung Ping Chau,2024-08-09,4_5_m,T3,Pavona decussata,Medium,Pigmented,4,
Tung Ping Chau,2024-08-09,4_5_m,T3,Pavona decussata,Medium,Partial bleached,7,
Tung Ping Chau,2024-08-09,4_5_m,T3,Pavona decussata,Medium,Bleached,1,
Tung Ping Chau,2024-08-09,4_5_m,T3,Pavona decussata,Small,Pigmented,4,
Tung Ping Chau,2024-08-09,4_5_m,T3,Pavona decussata,Small,Partial bleached,4,
Tung Ping Chau,2024-08-09,4_5_m,T3,Turbinaria peltata,Medium,Partial bleached,1,
Tung Ping Chau,2024-08-09,4_5_m,T3,Goniopora columna or sp.,Large,Partial bleached,1,
Tung Ping Chau,2024-08-09,4_5_m,T3,Goniopora columna or sp.,Medium,Partial bleached,1,
Tung Ping Chau,2024-08-09,4_5_m,T3,Goniopora columna or sp.,Medium,Bleached,2,
Tung Ping Chau,2024-08-09,4_5_m,T3,Goniopora columna or sp.,Small,Partial bleached,5,
Tung Ping Chau,2024-08-09,4_5_m,T3,Goniopora columna or sp.,Small,Bleached,6,
Tung Ping Chau,2024-08-09,4_5_m,T3,Dipsastraea rotumana / speciosa,Medium,Partial bleached,1,
Tung Ping Chau,2024-08-09,4_5_m,T3,Dipsastraea rotumana / speciosa,Small,Pigmented,12,
Tung Ping Chau,2024-08-09,4_5_m,T3,Dipsastraea rotumana / speciosa,Small,Partial bleached,1,
Tung Ping Chau,2024-08-09,4_5_m,T3,Dipsastraea rotumana / speciosa,Small,Bleached,6,
Tung Ping Chau,2024-08-09,4_5_m,T3,Favites pentagona,Medium,Partial bleached,1,
Tung Ping Chau,2024-08-09,4_5_m,T3,Favites chinensis  / Gonia aspera,Small,Pigmented,1,
Tung Ping Chau,2024-08-09,4_5_m,T3,Leptastrea purpurea / pruinosa / sp.,Small,Pigmented,1,
Tung Ping Chau,2024-08-09,4_5_m,T3,Psammocora superficialis,Medium,Partial bleached,2,
Tung Ping Chau,2024-08-09,4_5_m,T3,Psammocora superficialis,Small,Pigmented,1,
Tung Ping Chau,2024-08-09,4_5_m,T3,Psammocora superficialis,Small,Partial bleached,3,
Tung Ping Chau,2024-08-09,4_5_m,T3,Montipora peltiformis,Large,Partial bleached,1,
Tung Ping Chau,2024-08-09,4_5_m,T3,Platygyra carnosus / acuta,Large,Uncategorised,1,Kind of regular color with partial fluorescing between blue and green
Tung Ping Chau,2024-08-09,4_5_m,T3,Galaxea fascicularis / astreata,Large,Pigmented,1,This is the green coral colony I saw before in other sites
Tung Ping Chau,2024-08-09,4_5_m,T3,Unknown,Large,Pigmented,1,Same species as in T2
Tung Ping Chau,2024-08-09,4_5_m,T3,Unknown,Small,Partial bleached,1,Same species as above
Tung Ping Chau,2024-08-09,4_5_m,T3,Porites aranetai / deformis,Small,Pigmented,2,
Sharp Island,2024-08-06,4_5_m,T1,Porites lutea,Large,Partial bleached,1,New site. During bleaching. Considering the videos taken on 20240806 instead of 05 because the ones on the 5th are too dark! They are a bit more towards the SE
Sharp Island,2024-08-06,4_5_m,T1,Porites lutea,Medium,Partial bleached,4,
Sharp Island,2024-08-06,4_5_m,T1,Porites lutea,Medium,Bleached,1,
Sharp Island,2024-08-06,4_5_m,T1,Porites lutea,Small,Pigmented,2,
Sharp Island,2024-08-06,4_5_m,T1,Porites lutea,Small,Partial bleached,6,
Sharp Island,2024-08-06,4_5_m,T1,Porites lutea,Small,Bleached,3,
Sharp Island,2024-08-06,4_5_m,T1,Platygyra carnosus / acuta,Medium,Partial bleached,1,
Sharp Island,2024-08-06,4_5_m,T1,Platygyra carnosus / acuta,Small,Bleached,1,
Sharp Island,2024-08-06,4_5_m,T1,Pavona decussata,Large,Pigmented,2,
Sharp Island,2024-08-06,4_5_m,T1,Pavona decussata,Large,Partial bleached,4,
Sharp Island,2024-08-06,4_5_m,T1,Pavona decussata,Medium,Pigmented,2,
Sharp Island,2024-08-06,4_5_m,T1,Pavona decussata,Medium,Partial bleached,5,
Sharp Island,2024-08-06,4_5_m,T1,Pavona decussata,Small,Pigmented,2,
Sharp Island,2024-08-06,4_5_m,T1,Pavona decussata,Small,Partial bleached,1,
Sharp Island,2024-08-06,4_5_m,T1,Pavona decussata,Small,Bleached,2,
Sharp Island,2024-08-06,4_5_m,T1,Pavona decussata,Small,Dead,4,
Sharp Island,2024-08-06,4_5_m,T1,Goniopora columna or sp.,Small,Bleached,3,
Sharp Island,2024-08-06,4_5_m,T1,Dipsastraea rotumana / speciosa,Medium,Partial bleached,1,
Sharp Island,2024-08-06,4_5_m,T1,Dipsastraea rotumana / speciosa,Small,Pigmented,1,
Sharp Island,2024-08-06,4_5_m,T1,Dipsastraea rotumana / speciosa,Small,Partial bleached,1,
Sharp Island,2024-08-06,4_5_m,T1,Dipsastraea rotumana / speciosa,Small,Bleached,1,
Sharp Island,2024-08-06,4_5_m,T1,Favites abdita or sp.,Medium,Partial bleached,2,
Sharp Island,2024-08-06,4_5_m,T1,Psammocora superficialis,Small,Partial bleached,2,
Sharp Island,2024-08-06,4_5_m,T2,Porites lutea,Medium,Partial bleached,1,New Transect
Sharp Island,2024-08-06,4_5_m,T2,Porites lutea,Small,Pigmented,4,
Sharp Island,2024-08-06,4_5_m,T2,Porites lutea,Small,Partial bleached,5,
Sharp Island,2024-08-06,4_5_m,T2,Porites lutea,Small,Bleached,4,
Sharp Island,2024-08-06,4_5_m,T2,Platygyra carnosus / acuta,Large,Partial bleached,1,
Sharp Island,2024-08-06,4_5_m,T2,Platygyra carnosus / acuta,Large,Bleached,2,
Sharp Island,2024-08-06,4_5_m,T2,Platygyra carnosus / acuta,Medium,Partial bleached,3,
Sharp Island,2024-08-06,4_5_m,T2,Platygyra carnosus / acuta,Medium,Bleached,1,
Sharp Island,2024-08-06,4_5_m,T2,Platygyra carnosus / acuta,Small,Partial bleached,1,
Sharp Island,2024-08-06,4_5_m,T2,Pavona decussata,Large,Pigmented,2,
Sharp Island,2024-08-06,4_5_m,T2,Pavona decussata,Large,Partial bleached,10,
Sharp Island,2024-08-06,4_5_m,T2,Pavona decussata,Medium,Pigmented,1,
Sharp Island,2024-08-06,4_5_m,T2,Pavona decussata,Medium,Partial bleached,3,
Sharp Island,2024-08-06,4_5_m,T2,Pavona decussata,Medium,Dead,1,
Sharp Island,2024-08-06,4_5_m,T2,Pavona decussata,Small,Pigmented,4,
Sharp Island,2024-08-06,4_5_m,T2,Pavona decussata,Small,Partial bleached,13,
Sharp Island,2024-08-06,4_5_m,T2,Pavona decussata,Small,Bleached,1,
Sharp Island,2024-08-06,4_5_m,T2,Pavona decussata,Small,Dead,2,
Sharp Island,2024-08-06,4_5_m,T2,Dipsastraea rotumana / speciosa,Small,Partial bleached,1,
Sharp Island,2024-08-06,4_5_m,T2,Dipsastraea rotumana / speciosa,Small,Bleached,4,
Sharp Island,2024-08-06,4_5_m,T2,Favites abdita or sp.,Medium,Partial bleached,1,
Sharp Island,2024-08-06,4_5_m,T2,Favites abdita or sp.,Small,Bleached,1,
Sharp Island,2024-08-06,4_5_m,T2,Acropora digitifera / tumida,Medium,Pigmented,1,
Sharp Island,2024-08-06,4_5_m,T2,Cyphastrea serailia / japonica,Medium,Pigmented,1,"This was marked tbd in the first round and marked, I have seen this coral before. In the final pending identification,  I do believe is Cyphastrea"
Sharp Island,2024-08-06,4_5_m,T2,Unknown,Medium,Pigmented,1,
Sharp Island,2024-08-06,4_5_m,T2,Unknown,Small,Pigmented,1,
Sharp Island,2024-08-06,4_5_m,T2,Unknown,Small,Dead,1,More than 50 % mortality 
Sharp Island,2024-08-06,4_5_m,T2,Dead unknown,Small,Dead,1,
Sharp Island,2024-08-06,4_5_m,T3,Porites lutea,Medium,Partial bleached,1,
Sharp Island,2024-08-06,4_5_m,T3,Porites lutea,Small,Pigmented,1,
Sharp Island,2024-08-06,4_5_m,T3,Porites lutea,Small,Partial bleached,2,
Sharp Island,2024-08-06,4_5_m,T3,Porites lutea,Small,Bleached,1,
Sharp Island,2024-08-06,4_5_m,T3,Platygyra carnosus / acuta,Medium,Pigmented,1,
Sharp Island,2024-08-06,4_5_m,T3,Platygyra carnosus / acuta,Medium,Partial bleached,1,
Sharp Island,2024-08-06,4_5_m,T3,Pavona decussata,Large,Pigmented,2,
Sharp Island,2024-08-06,4_5_m,T3,Pavona decussata,Large,Partial bleached,3,
Sharp Island,2024-08-06,4_5_m,T3,Pavona decussata,Medium,Pigmented,2,
Sharp Island,2024-08-06,4_5_m,T3,Pavona decussata,Medium,Partial bleached,8,
Sharp Island,2024-08-06,4_5_m,T3,Pavona decussata,Small,Pigmented,7,
Sharp Island,2024-08-06,4_5_m,T3,Pavona decussata,Small,Partial bleached,10,
Sharp Island,2024-08-06,4_5_m,T3,Pavona decussata,Small,Bleached,1,
Sharp Island,2024-08-06,4_5_m,T3,Pavona decussata,Small,Dead,7,
Sharp Island,2024-08-06,4_5_m,T3,Dipsastraea rotumana / speciosa,Small,Partial bleached,1,
Sharp Island,2024-08-06,4_5_m,T3,Favites abdita or sp.,Medium,Partial bleached,1,
Sharp Island,2024-08-06,4_5_m,T3,Favites abdita or sp.,Medium,Bleached,1,
Sharp Island,2024-08-06,4_5_m,T3,Favites abdita or sp.,Small,Partial bleached,1,
Sharp Island,2024-08-06,4_5_m,T3,Acropora digitifera / tumida,Medium,Pigmented,1,
Sharp Island,2024-08-06,4_5_m,T3,Unknown,Medium,Partial bleached,1,
Sharp Island,2024-08-06,4_5_m,T3,Dead unknown,Large,Dead,1,
Sharp Island,2024-08-06,4_5_m,T3,Dead unknown,Medium,Dead,1,
Sharp Island,2024-08-06,4_5_m,T3,Dead unknown,Small,Dead,9,
Sharp Island,2024-11-05,2_3_m,T1,Porites lutea,Large,Pigmented,1,"Huge field Acropora, huge fields of Pavona"
Sharp Island,2024-11-05,2_3_m,T1,Porites lutea,Medium,Pigmented,2,
Sharp Island,2024-11-05,2_3_m,T1,Porites lutea,Small,Pigmented,10,
Sharp Island,2024-11-05,2_3_m,T1,Porites lutea,Small,Partial bleached,2,
Sharp Island,2024-11-05,2_3_m,T1,Pavona decussata,Large,Pigmented,16,
Sharp Island,2024-11-05,2_3_m,T1,Pavona decussata,Large,Partial bleached,1,
Sharp Island,2024-11-05,2_3_m,T1,Pavona decussata,Medium,Pigmented,11,
Sharp Island,2024-11-05,2_3_m,T1,Pavona decussata,Medium,Partial bleached,2,
Sharp Island,2024-11-05,2_3_m,T1,Pavona decussata,Small,Pigmented,19,
Sharp Island,2024-11-05,2_3_m,T1,Pavona decussata,Small,Partial bleached,2,
Sharp Island,2024-11-05,2_3_m,T1,Goniopora columna or sp.,Small,Bleached,4,
Sharp Island,2024-11-05,2_3_m,T1,Goniopora columna or sp.,Small,Dead,5,
Sharp Island,2024-11-05,2_3_m,T1,Dipsastraea rotumana / speciosa,Small,Pigmented,1,
Sharp Island,2024-11-05,2_3_m,T1,Dipsastraea rotumana / speciosa,Small,Partial bleached,1,
Sharp Island,2024-11-05,2_3_m,T1,Favites abdita or sp.,Large,Partial bleached,1,
Sharp Island,2024-11-05,2_3_m,T1,Favites abdita or sp.,Medium,Pigmented,1,
Sharp Island,2024-11-05,2_3_m,T1,Acropora digitifera / tumida,Large,Pigmented,8,
Sharp Island,2024-11-05,2_3_m,T1,Acropora digitifera / tumida,Medium,Pigmented,2,
Sharp Island,2024-11-05,2_3_m,T1,Acropora digitifera / tumida,Medium,Dead,1,
Sharp Island,2024-11-05,2_3_m,T1,Acropora digitifera / tumida,Small,Pigmented,3,
Sharp Island,2024-11-05,2_3_m,T1,Porites aranetai / deformis,Medium,Pigmented,1,
Sharp Island,2024-11-05,2_3_m,T1,Unknown,Small,Bleached,2,
Sharp Island,2024-11-05,2_3_m,T1,Porites aranetai / deformis,Small,Pigmented,3,
Sharp Island,2024-11-05,2_3_m,T2,Porites lutea,Medium,Partial bleached,1,"Again, very huge fields of Pavona decussata with some areas dead but overall looking healthy. "
Sharp Island,2024-11-05,2_3_m,T2,Porites lutea,Small,Pigmented,3,The dead Gonioporas are the separated columns (balls) sataying next to each other. Perhaps from the mother colony
Sharp Island,2024-11-05,2_3_m,T2,Pavona decussata,Large,Pigmented,16,
Sharp Island,2024-11-05,2_3_m,T2,Pavona decussata,Medium,Pigmented,10,
Sharp Island,2024-11-05,2_3_m,T2,Pavona decussata,Medium,Partial bleached,2,
Sharp Island,2024-11-05,2_3_m,T2,Pavona decussata,Small,Pigmented,11,
Sharp Island,2024-11-05,2_3_m,T2,Pavona decussata,Small,Partial bleached,3,
Sharp Island,2024-11-05,2_3_m,T2,Goniopora columna or sp.,Small,Dead,14,
Sharp Island,2024-11-05,2_3_m,T2,Dipsastraea rotumana / speciosa,Small,Pigmented,1,
Sharp Island,2024-11-05,2_3_m,T2,Favites abdita or sp.,Medium,Partial bleached,1,
Sharp Island,2024-11-05,2_3_m,T2,Favites abdita or sp.,Small,Partial bleached,1,
Sharp Island,2024-11-05,2_3_m,T2,Acropora digitifera / tumida,Large,Pigmented,6,
Sharp Island,2024-11-05,2_3_m,T2,Acropora digitifera / tumida,Medium,Pigmented,1,
Sharp Island,2024-11-05,2_3_m,T2,Acropora digitifera / tumida,Small,Pigmented,1,
Sharp Island,2024-11-05,2_3_m,T2,Dead unknown,Large,Dead,1,
Sharp Island,2024-11-05,2_3_m,T3,Pavona decussata,Large,Pigmented,4,"Again, huge fields of Pavona that take amost all the transect. Huge segments of no corals at all once you get away from the uge Pavona fields"
Sharp Island,2024-11-05,2_3_m,T3,Pavona decussata,Medium,Pigmented,4,
Sharp Island,2024-11-05,2_3_m,T3,Pavona decussata,Small,Pigmented,2,
Sharp Island,2024-11-05,2_3_m,T3,Pavona decussata,Small,Bleached,1,
Sharp Island,2024-11-05,2_3_m,T3,Goniopora columna or sp.,Small,Partial bleached,5,
Sharp Island,2024-11-05,2_3_m,T3,Goniopora columna or sp.,Small,Bleached,2,
Sharp Island,2024-11-05,2_3_m,T3,Goniopora columna or sp.,Small,Dead,7,
Sharp Island,2024-11-05,2_3_m,T3,Acropora digitifera / tumida,Large,Pigmented,3,
Sharp Island,2024-11-05,2_3_m,T3,Acropora digitifera / tumida,Medium,Pigmented,1,
Sharp Island,2024-11-05,2_3_m,T3,Acropora digitifera / tumida,Small,Pigmented,2,
Sharp Island,2024-11-05,2_3_m,T3,Acropora digitifera / tumida,Small,Partial bleached,1,
Sharp Island,2024-11-05,4_5_m,T1,Porites lutea,Large,Pigmented,1,Dead is with evident signs of recent mortality. Dipsastrea rotumana looks like green / partially dead
Sharp Island,2024-11-05,4_5_m,T1,Porites lutea,Medium,Pigmented,4,
Sharp Island,2024-11-05,4_5_m,T1,Porites lutea,Medium,Partial bleached,2,
Sharp Island,2024-11-05,4_5_m,T1,Porites lutea,Small,Pigmented,19,
Sharp Island,2024-11-05,4_5_m,T1,Porites lutea,Small,Partial bleached,5,
Sharp Island,2024-11-05,4_5_m,T1,Porites lutea,Small,Bleached,1,
Sharp Island,2024-11-05,4_5_m,T1,Platygyra carnosus / acuta,Medium,Partial bleached,1,
Sharp Island,2024-11-05,4_5_m,T1,Platygyra carnosus / acuta,Small,Partial bleached,1,
Sharp Island,2024-11-05,4_5_m,T1,Pavona decussata,Medium,Pigmented,3,
Sharp Island,2024-11-05,4_5_m,T1,Pavona decussata,Small,Pigmented,4,
Sharp Island,2024-11-05,4_5_m,T1,Turbinaria peltata,Medium,Bleached,1,
Sharp Island,2024-11-05,4_5_m,T1,Goniopora columna or sp.,Small,Dead,1,
Sharp Island,2024-11-05,4_5_m,T1,Dipsastraea rotumana / speciosa,Small,Dead,7,
Sharp Island,2024-11-05,4_5_m,T1,Favites pentagona,Medium,Pigmented,1,
Sharp Island,2024-11-05,4_5_m,T1,Favites pentagona,Small,Pigmented,2,
Sharp Island,2024-11-05,4_5_m,T1,Favites pentagona,Small,Dead,1,
Sharp Island,2024-11-05,4_5_m,T1,Favites abdita or sp.,Large,Dead,1,
Sharp Island,2024-11-05,4_5_m,T1,Favites abdita or sp.,Medium,Dead,3,
Sharp Island,2024-11-05,4_5_m,T1,Favites abdita or sp.,Small,Pigmented,1,
Sharp Island,2024-11-05,4_5_m,T1,Favites abdita or sp.,Small,Dead,2,
Sharp Island,2024-11-05,4_5_m,T1,Acropora digitifera / tumida,Medium,Pigmented,1,
Sharp Island,2024-11-05,4_5_m,T1,Unknown,Small,Bleached,1,
Sharp Island,2024-11-05,4_5_m,T1,Dead unknown,Medium,Dead,2,"Two very large recently dead colonies. Probably, Platygyra but difficult to confirm. "
Sharp Island,2024-11-05,4_5_m,T1,Dead unknown,Small,Dead,1,Important: it looks like the extended coral polyps died in Sharp at 4 m because of anoxia
Sharp Island,2024-11-05,4_5_m,T2,Porites lutea,Large,Pigmented,1,
Sharp Island,2024-11-05,4_5_m,T2,Porites lutea,Medium,Pigmented,5,
Sharp Island,2024-11-05,4_5_m,T2,Porites lutea,Medium,Partial bleached,1,
Sharp Island,2024-11-05,4_5_m,T2,Porites lutea,Small,Pigmented,6,
Sharp Island,2024-11-05,4_5_m,T2,Porites lutea,Small,Partial bleached,1,
Sharp Island,2024-11-05,4_5_m,T2,Pavona decussata,Medium,Pigmented,1,
Sharp Island,2024-11-05,4_5_m,T2,Pavona decussata,Small,Pigmented,2,
Sharp Island,2024-11-05,4_5_m,T2,Goniopora columna or sp.,Small,Dead,8,
Sharp Island,2024-11-05,4_5_m,T2,Favites pentagona,Small,Dead,2,
Sharp Island,2024-11-05,4_5_m,T2,Favites abdita or sp.,Small,Pigmented,1,
Sharp Island,2024-11-05,4_5_m,T2,Favites abdita or sp.,Small,Dead,1,
Sharp Island,2024-11-05,4_5_m,T2,Acropora digitifera / tumida,Medium,Pigmented,1,
Sharp Island,2024-11-05,4_5_m,T2,Acropora digitifera / tumida,Small,Pigmented,2,
Sharp Island,2024-11-05,4_5_m,T2,Dead unknown,Large,Dead,2,
Sharp Island,2024-11-05,4_5_m,T2,Dead unknown,Small,Dead,2,
Sharp Island,2024-11-05,4_5_m,T3,Porites lutea,Small,Pigmented,2,Really a lot of sand. You can see old dead colonies. Likely from before the bleaching because of anoxia
Sharp Island,2024-11-05,4_5_m,T3,Goniopora columna or sp.,Small,Pigmented,1,Finally some Gonioporas still alive
Sharp Island,2024-11-05,4_5_m,T3,Favites abdita or sp.,Small,Dead,1,
Tung Ping Chau,2024-11-06,4_5_m,T1,Porites lutea,Large,Pigmented,3,The Pavona decussata small partial bleached / bleached was tricky to categorise… 
Tung Ping Chau,2024-11-06,4_5_m,T1,Porites lutea,Medium,Pigmented,5,
Tung Ping Chau,2024-11-06,4_5_m,T1,Porites lutea,Medium,Partial bleached,1,
Tung Ping Chau,2024-11-06,4_5_m,T1,Porites lutea,Small,Pigmented,23,
Tung Ping Chau,2024-11-06,4_5_m,T1,Porites lutea,Small,Partial bleached,6,
Tung Ping Chau,2024-11-06,4_5_m,T1,Platygyra carnosus / acuta,Large,Pigmented,5,
Tung Ping Chau,2024-11-06,4_5_m,T1,Platygyra carnosus / acuta,Large,Partial bleached,1,
Tung Ping Chau,2024-11-06,4_5_m,T1,Platygyra carnosus / acuta,Medium,Pigmented,8,
Tung Ping Chau,2024-11-06,4_5_m,T1,Platygyra carnosus / acuta,Medium,Partial bleached,4,
Tung Ping Chau,2024-11-06,4_5_m,T1,Platygyra carnosus / acuta,Small,Pigmented,5,
Tung Ping Chau,2024-11-06,4_5_m,T1,Platygyra carnosus / acuta,Small,Partial bleached,2,
Tung Ping Chau,2024-11-06,4_5_m,T1,Pavona decussata,Large,Pigmented,17,
Tung Ping Chau,2024-11-06,4_5_m,T1,Pavona decussata,Medium,Pigmented,13,
Tung Ping Chau,2024-11-06,4_5_m,T1,Pavona decussata,Small,Partial bleached,1,
Tung Ping Chau,2024-11-06,4_5_m,T1,Goniopora columna or sp.,Large,Pigmented,2,
Tung Ping Chau,2024-11-06,4_5_m,T1,Goniopora columna or sp.,Medium,Pigmented,2,
Tung Ping Chau,2024-11-06,4_5_m,T1,Goniopora columna or sp.,Small,Pigmented,7,
Tung Ping Chau,2024-11-06,4_5_m,T1,Dipsastraea rotumana / speciosa,Medium,Pigmented,1,
Tung Ping Chau,2024-11-06,4_5_m,T1,Dipsastraea rotumana / speciosa,Medium,Partial bleached,1,
Tung Ping Chau,2024-11-06,4_5_m,T1,Dipsastraea rotumana / speciosa,Small,Pigmented,3,
Tung Ping Chau,2024-11-06,4_5_m,T1,Dipsastraea rotumana / speciosa,Small,Partial bleached,2,
Tung Ping Chau,2024-11-06,4_5_m,T1,Dipsastraea rotumana / speciosa,Small,Dead,4,
Tung Ping Chau,2024-11-06,4_5_m,T1,Favites pentagona,Medium,Pigmented,1,
Tung Ping Chau,2024-11-06,4_5_m,T1,Favites pentagona,Small,Pigmented,1,
Tung Ping Chau,2024-11-06,4_5_m,T1,Favites pentagona,Small,Dead,1,
Tung Ping Chau,2024-11-06,4_5_m,T1,Favites abdita or sp.,Medium,Pigmented,1,
Tung Ping Chau,2024-11-06,4_5_m,T1,Favites abdita or sp.,Medium,Partial bleached,1,
Tung Ping Chau,2024-11-06,4_5_m,T1,Favites abdita or sp.,Medium,Dead,1,
Tung Ping Chau,2024-11-06,4_5_m,T1,Favites abdita or sp.,Small,Pigmented,2,
Tung Ping Chau,2024-11-06,4_5_m,T1,Favites abdita or sp.,Small,Dead,3,
Tung Ping Chau,2024-11-06,4_5_m,T1,Favites chinensis  / Gonia aspera,Medium,Pigmented,1,
Tung Ping Chau,2024-11-06,4_5_m,T1,Favites chinensis  / Gonia aspera,Small,Pigmented,2,
Tung Ping Chau,2024-11-06,4_5_m,T1,Psammocora superficialis,Medium,Pigmented,2,
Tung Ping Chau,2024-11-06,4_5_m,T1,Montipora peltiformis,Large,Partial bleached,1,
Tung Ping Chau,2024-11-06,4_5_m,T1,Montipora peltiformis,Medium,Pigmented,1,
Tung Ping Chau,2024-11-06,4_5_m,T1,Unknown,Small,Uncategorised,1,
Tung Ping Chau,2024-11-06,4_5_m,T1,Unknown,Large,Pigmented,2,These 4 unknown coral colonies are clearly the same. But I can't identify
Tung Ping Chau,2024-11-06,4_5_m,T1,Unknown,Medium,Pigmented,2,
Tung Ping Chau,2024-11-06,4_5_m,T1,Acropora digitifera / tumida,Medium,Pigmented,1,
Tung Ping Chau,2024-11-06,4_5_m,T2,Porites lutea,Medium,Pigmented,9,
Tung Ping Chau,2024-11-06,4_5_m,T2,Porites lutea,Medium,Partial bleached,1,
Tung Ping Chau,2024-11-06,4_5_m,T2,Porites lutea,Small,Pigmented,25,
Tung Ping Chau,2024-11-06,4_5_m,T2,Porites lutea,Small,Partial bleached,11,
Tung Ping Chau,2024-11-06,4_5_m,T2,Porites lutea,Small,Bleached,1,Partial bleach and kind of partial mortality 
Tung Ping Chau,2024-11-06,4_5_m,T2,Platygyra carnosus / acuta,Large,Pigmented,5,
Tung Ping Chau,2024-11-06,4_5_m,T2,Platygyra carnosus / acuta,Medium,Pigmented,6,
Tung Ping Chau,2024-11-06,4_5_m,T2,Platygyra carnosus / acuta,Medium,Partial bleached,6,
Tung Ping Chau,2024-11-06,4_5_m,T2,Platygyra carnosus / acuta,Small,Pigmented,2,
Tung Ping Chau,2024-11-06,4_5_m,T2,Platygyra carnosus / acuta,Small,Partial bleached,3,
Tung Ping Chau,2024-11-06,4_5_m,T2,Pavona decussata,Large,Pigmented,15,
Tung Ping Chau,2024-11-06,4_5_m,T2,Pavona decussata,Medium,Pigmented,15,
Tung Ping Chau,2024-11-06,4_5_m,T2,Pavona decussata,Medium,Partial bleached,1,
Tung Ping Chau,2024-11-06,4_5_m,T2,Pavona decussata,Small,Pigmented,17,
Tung Ping Chau,2024-11-06,4_5_m,T2,Goniopora columna or sp.,Medium,Pigmented,1,
Tung Ping Chau,2024-11-06,4_5_m,T2,Goniopora columna or sp.,Small,Pigmented,6,
Tung Ping Chau,2024-11-06,4_5_m,T2,Goniopora columna or sp.,Small,Partial bleached,2,
Tung Ping Chau,2024-11-06,4_5_m,T2,Goniopora columna or sp.,Small,Bleached,1,
Tung Ping Chau,2024-11-06,4_5_m,T2,Dipsastraea rotumana / speciosa,Medium,Pigmented,1,
Tung Ping Chau,2024-11-06,4_5_m,T2,Dipsastraea rotumana / speciosa,Medium,Dead,4,
Tung Ping Chau,2024-11-06,4_5_m,T2,Dipsastraea rotumana / speciosa,Small,Pigmented,6,
Tung Ping Chau,2024-11-06,4_5_m,T2,Dipsastraea rotumana / speciosa,Small,Partial bleached,4,
Tung Ping Chau,2024-11-06,4_5_m,T2,Dipsastraea rotumana / speciosa,Small,Dead,7,
Tung Ping Chau,2024-11-06,4_5_m,T2,Favites pentagona,Medium,Dead,1,
Tung Ping Chau,2024-11-06,4_5_m,T2,Favites pentagona,Small,Pigmented,2,
Tung Ping Chau,2024-11-06,4_5_m,T2,Favites pentagona,Small,Dead,4,
Tung Ping Chau,2024-11-06,4_5_m,T2,Favites abdita or sp.,Medium,Pigmented,2,
Tung Ping Chau,2024-11-06,4_5_m,T2,Favites abdita or sp.,Small,Pigmented,3,
Tung Ping Chau,2024-11-06,4_5_m,T2,Favites abdita or sp.,Small,Partial bleached,1,
Tung Ping Chau,2024-11-06,4_5_m,T2,Favites abdita or sp.,Small,Dead,5,
Tung Ping Chau,2024-11-06,4_5_m,T2,Favites chinensis  / Gonia aspera,Medium,Pigmented,1,
Tung Ping Chau,2024-11-06,4_5_m,T2,Favites chinensis  / Gonia aspera,Small,Pigmented,1,
Tung Ping Chau,2024-11-06,4_5_m,T2,Psammocora superficialis,Medium,Pigmented,1,
Tung Ping Chau,2024-11-06,4_5_m,T2,Psammocora superficialis,Medium,Partial bleached,1,
Tung Ping Chau,2024-11-06,4_5_m,T2,Unknown,Large,Partial bleached,1,
Tung Ping Chau,2024-11-06,4_5_m,T2,Unknown,Medium,Uncategorised,1,Impossible to determine because I don't know normal pigmentation
Tung Ping Chau,2024-11-06,4_5_m,T2,Unknown,Small,Pigmented,1,
Tung Ping Chau,2024-11-06,4_5_m,T2,Montipora peltiformis,Large,Pigmented,1,
Tung Ping Chau,2024-11-06,4_5_m,T3,Porites lutea,Large,Partial bleached,1,
Tung Ping Chau,2024-11-06,4_5_m,T3,Porites lutea,Medium,Pigmented,7,
Tung Ping Chau,2024-11-06,4_5_m,T3,Porites lutea,Medium,Partial bleached,4,
Tung Ping Chau,2024-11-06,4_5_m,T3,Porites lutea,Small,Pigmented,15,
Tung Ping Chau,2024-11-06,4_5_m,T3,Porites lutea,Small,Partial bleached,5,
Tung Ping Chau,2024-11-06,4_5_m,T3,Platygyra carnosus / acuta,Large,Pigmented,4,
Tung Ping Chau,2024-11-06,4_5_m,T3,Platygyra carnosus / acuta,Large,Partial bleached,1,
Tung Ping Chau,2024-11-06,4_5_m,T3,Platygyra carnosus / acuta,Medium,Pigmented,13,
Tung Ping Chau,2024-11-06,4_5_m,T3,Platygyra carnosus / acuta,Medium,Partial bleached,8,
Tung Ping Chau,2024-11-06,4_5_m,T3,Platygyra carnosus / acuta,Medium,Bleached,1,
Tung Ping Chau,2024-11-06,4_5_m,T3,Platygyra carnosus / acuta,Small,Pigmented,11,
Tung Ping Chau,2024-11-06,4_5_m,T3,Platygyra carnosus / acuta,Small,Partial bleached,3,
Tung Ping Chau,2024-11-06,4_5_m,T3,Pavona decussata,Large,Pigmented,29,
Tung Ping Chau,2024-11-06,4_5_m,T3,Pavona decussata,Medium,Pigmented,14,
Tung Ping Chau,2024-11-06,4_5_m,T3,Pavona decussata,Small,Pigmented,17,
Tung Ping Chau,2024-11-06,4_5_m,T3,Goniopora columna or sp.,Medium,Pigmented,1,
Tung Ping Chau,2024-11-06,4_5_m,T3,Dipsastraea rotumana / speciosa,Medium,Dead,1,
Tung Ping Chau,2024-11-06,4_5_m,T3,Dipsastraea rotumana / speciosa,Small,Pigmented,5,
Tung Ping Chau,2024-11-06,4_5_m,T3,Dipsastraea rotumana / speciosa,Small,Dead,10,
Tung Ping Chau,2024-11-06,4_5_m,T3,Favites pentagona,Small,Pigmented,1,
Tung Ping Chau,2024-11-06,4_5_m,T3,Favites abdita or sp.,Large,Pigmented,1,
Tung Ping Chau,2024-11-06,4_5_m,T3,Favites abdita or sp.,Small,Pigmented,5,
Tung Ping Chau,2024-11-06,4_5_m,T3,Favites abdita or sp.,Small,Dead,3,
Tung Ping Chau,2024-11-06,4_5_m,T3,Favites chinensis  / Gonia aspera,Large,Partial bleached,1,
Tung Ping Chau,2024-11-06,4_5_m,T3,Favites chinensis  / Gonia aspera,Medium,Pigmented,1,
Tung Ping Chau,2024-11-06,4_5_m,T3,Cyphastrea serailia / japonica,Medium,Partial bleached,1,
Tung Ping Chau,2024-11-06,4_5_m,T3,Galaxea fascicularis / astreata,Large,Pigmented,1,"Green Colour of a coral I don't know so impossible to know. After seeing this colony in another picture, I concluded it is a Galaxea fascicularis!"
Tung Ping Chau,2024-11-06,4_5_m,T3,Unknown,Medium,Uncategorised,2,
Tung Ping Chau,2024-11-06,4_5_m,T3,Dead unknown,Small,Dead,1,
Tung Ping Chau,2024-11-06,4_5_m,T3,Psammocora superficialis,Medium,Pigmented,1,
Bluff Island,2024-11-05,4_5_m,T1,Porites lutea,Medium,Pigmented,1,Be careful transect direction…
Bluff Island,2024-11-05,4_5_m,T1,Porites lutea,Small,Pigmented,4,
Bluff Island,2024-11-05,4_5_m,T1,Pavona decussata,Large,Pigmented,3,
Bluff Island,2024-11-05,4_5_m,T1,Pavona decussata,Medium,Pigmented,11,
Bluff Island,2024-11-05,4_5_m,T1,Pavona decussata,Medium,Partial bleached,1,
Bluff Island,2024-11-05,4_5_m,T1,Pavona decussata,Small,Pigmented,17,
Bluff Island,2024-11-05,4_5_m,T1,Goniopora columna or sp.,Large,Pigmented,1,
Bluff Island,2024-11-05,4_5_m,T1,Goniopora columna or sp.,Medium,Pigmented,3,
Bluff Island,2024-11-05,4_5_m,T1,Goniopora columna or sp.,Medium,Partial bleached,1,
Bluff Island,2024-11-05,4_5_m,T1,Goniopora columna or sp.,Small,Pigmented,4,
Bluff Island,2024-11-05,4_5_m,T1,Dipsastraea rotumana / speciosa,Medium,Pigmented,1,
Bluff Island,2024-11-05,4_5_m,T1,Favites chinensis  / Gonia aspera,Small,Pigmented,1,
Bluff Island,2024-11-05,4_5_m,T1,Psammocora superficialis,Large,Pigmented,2,
Bluff Island,2024-11-05,4_5_m,T1,Psammocora superficialis,Medium,Pigmented,1,
Bluff Island,2024-11-05,4_5_m,T1,Psammocora superficialis,Small,Pigmented,1,
Bluff Island,2024-11-05,4_5_m,T1,Psammocora superficialis,Small,Partial bleached,1,
Bluff Island,2024-11-05,4_5_m,T1,Montipora peltiformis,Large,Pigmented,3,
Bluff Island,2024-11-05,4_5_m,T1,Montipora peltiformis,Medium,Pigmented,3,
Bluff Island,2024-11-05,4_5_m,T1,Montipora peltiformis,Small,Pigmented,1,
Bluff Island,2024-11-05,4_5_m,T1,Acropora digitifera / tumida,Large,Pigmented,5,
Bluff Island,2024-11-05,4_5_m,T1,Acropora digitifera / tumida,Medium,Pigmented,1,
Bluff Island,2024-11-05,4_5_m,T1,Acropora pruniosa / solitiariensis,Large,Pigmented,2,
Bluff Island,2024-11-05,4_5_m,T1,Porites aranetai / deformis,Medium,Pigmented,1,
Bluff Island,2024-11-05,4_5_m,T1,Dead unknown,Small,Dead,1,
Bluff Island,2024-11-05,4_5_m,T2,Porites lutea,Medium,Pigmented,3,
Bluff Island,2024-11-05,4_5_m,T2,Porites lutea,Small,Pigmented,7,
Bluff Island,2024-11-05,4_5_m,T2,Porites lutea,Small,Dead,1,
Bluff Island,2024-11-05,4_5_m,T2,Platygyra carnosus / acuta,Small,Partial bleached,1,
Bluff Island,2024-11-05,4_5_m,T2,Pavona decussata,Large,Pigmented,1,
Bluff Island,2024-11-05,4_5_m,T2,Pavona decussata,Medium,Pigmented,1,
Bluff Island,2024-11-05,4_5_m,T2,Pavona decussata,Small,Pigmented,2,
Bluff Island,2024-11-05,4_5_m,T2,Goniopora columna or sp.,Large,Pigmented,1,
Bluff Island,2024-11-05,4_5_m,T2,Goniopora columna or sp.,Medium,Pigmented,4,
Bluff Island,2024-11-05,4_5_m,T2,Goniopora columna or sp.,Small,Pigmented,6,
Bluff Island,2024-11-05,4_5_m,T2,Dipsastraea rotumana / speciosa,Small,Dead,1,
Bluff Island,2024-11-05,4_5_m,T2,Unknown,Small,Pigmented,1,It might be a Platygyra but I am not sure. 
Bluff Island,2024-11-05,4_5_m,T2,Cyphastrea serailia / japonica,Small,Pigmented,1,
Bluff Island,2024-11-05,4_5_m,T3,Porites lutea,Small,Pigmented,4,"Be careful, Transect fell into a coral restoration site. We decided to keep the transect because there were very few corals and because we are working on relative bleaching values, we decided to go on. In the restoration site there were mainly Acropora digitifera and 2 or 3 Pavonas."
Bluff Island,2024-11-05,4_5_m,T3,Porites lutea,Small,Dead,1,
Bluff Island,2024-11-05,4_5_m,T3,Pavona decussata,Medium,Pigmented,1,
Bluff Island,2024-11-05,4_5_m,T3,Pavona decussata,Small,Pigmented,10,
Bluff Island,2024-11-05,4_5_m,T3,Dipsastraea rotumana / speciosa,Small,Pigmented,1,
Bluff Island,2024-11-05,4_5_m,T3,Favites abdita or sp.,Small,Pigmented,1,
Bluff Island,2024-11-05,4_5_m,T3,Favites chinensis  / Gonia aspera,Large,Pigmented,1,
Bluff Island,2024-11-05,4_5_m,T3,Favites chinensis  / Gonia aspera,Medium,Pigmented,2,
Bluff Island,2024-11-05,4_5_m,T3,Favites chinensis  / Gonia aspera,Medium,Dead,1,
Bluff Island,2024-11-05,4_5_m,T3,Favites chinensis  / Gonia aspera,Small,Pigmented,3,
Bluff Island,2024-11-05,4_5_m,T3,Acropora digitifera / tumida,Small,Pigmented,27,"There might be a confusion with the Acroporas. When they are juveniles, very difficult to differentiate. Perhaps we will pool them together to avoid problems. "
Bluff Island,2024-11-05,4_5_m,T3,Acropora pruniosa / solitiariensis,Small,Pigmented,5,
Bluff Island,2024-11-05,4_5_m,T3,Porites aranetai / deformis,Small,Pigmented,1,
Bluff Island,2024-11-05,2_3_m,T1,Porites lutea,Medium,Pigmented,1,
Bluff Island,2024-11-05,2_3_m,T1,Porites lutea,Small,Pigmented,3,
Bluff Island,2024-11-05,2_3_m,T1,Pavona decussata,Large,Pigmented,4,
Bluff Island,2024-11-05,2_3_m,T1,Pavona decussata,Medium,Pigmented,9,
Bluff Island,2024-11-05,2_3_m,T1,Pavona decussata,Small,Pigmented,9,
Bluff Island,2024-11-05,2_3_m,T1,Favites abdita or sp.,Medium,Pigmented,1,
Bluff Island,2024-11-05,2_3_m,T1,Psammocora superficialis,Large,Pigmented,1,
Bluff Island,2024-11-05,2_3_m,T1,Psammocora superficialis,Small,Pigmented,3,
Bluff Island,2024-11-05,2_3_m,T1,Montipora peltiformis,Large,Pigmented,2,
Bluff Island,2024-11-05,2_3_m,T1,Montipora peltiformis,Medium,Pigmented,3,
Bluff Island,2024-11-05,2_3_m,T1,Montipora peltiformis,Small,Pigmented,3,
Bluff Island,2024-11-05,2_3_m,T1,Acropora digitifera / tumida,Large,Pigmented,3,
Bluff Island,2024-11-05,2_3_m,T1,Acropora digitifera / tumida,Medium,Pigmented,6,
Bluff Island,2024-11-05,2_3_m,T1,Acropora digitifera / tumida,Small,Pigmented,3,
Bluff Island,2024-11-05,2_3_m,T1,Acropora pruniosa / solitiariensis,Medium,Pigmented,2,
Bluff Island,2024-11-05,2_3_m,T1,Acropora pruniosa / solitiariensis,Small,Pigmented,2,
Bluff Island,2024-11-05,2_3_m,T1,Porites aranetai / deformis,Medium,Pigmented,3,
Bluff Island,2024-11-05,2_3_m,T2,Porites lutea,Large,Pigmented,3,
Bluff Island,2024-11-05,2_3_m,T2,Porites lutea,Medium,Pigmented,15,
Bluff Island,2024-11-05,2_3_m,T2,Porites lutea,Medium,Partial bleached,1,
Bluff Island,2024-11-05,2_3_m,T2,Porites lutea,Small,Pigmented,26,
Bluff Island,2024-11-05,2_3_m,T2,Platygyra carnosus / acuta,Medium,Pigmented,1,
Bluff Island,2024-11-05,2_3_m,T2,Platygyra carnosus / acuta,Small,Pigmented,1,
Bluff Island,2024-11-05,2_3_m,T2,Platygyra carnosus / acuta,Small,Partial bleached,3,
Bluff Island,2024-11-05,2_3_m,T2,Pavona decussata,Large,Pigmented,8,
Bluff Island,2024-11-05,2_3_m,T2,Pavona decussata,Medium,Pigmented,2,
Bluff Island,2024-11-05,2_3_m,T2,Pavona decussata,Small,Pigmented,7,
Bluff Island,2024-11-05,2_3_m,T2,Dipsastraea rotumana / speciosa,Small,Dead,1,
Bluff Island,2024-11-05,2_3_m,T2,Favites abdita or sp.,Medium,Pigmented,2,
Bluff Island,2024-11-05,2_3_m,T2,Favites abdita or sp.,Small,Pigmented,1,
Bluff Island,2024-11-05,2_3_m,T2,Favites chinensis  / Gonia aspera,Medium,Pigmented,2,
Bluff Island,2024-11-05,2_3_m,T2,Favites chinensis  / Gonia aspera,Small,Pigmented,1,
Bluff Island,2024-11-05,2_3_m,T2,Psammocora superficialis,Medium,Pigmented,2,
Bluff Island,2024-11-05,2_3_m,T2,Psammocora superficialis,Small,Pigmented,2,
Bluff Island,2024-11-05,2_3_m,T2,Montipora peltiformis,Medium,Pigmented,1,
Bluff Island,2024-11-05,2_3_m,T2,Acropora digitifera / tumida,Large,Pigmented,1,
Bluff Island,2024-11-05,2_3_m,T2,Acropora digitifera / tumida,Medium,Pigmented,4,
Bluff Island,2024-11-05,2_3_m,T2,Acropora digitifera / tumida,Small,Pigmented,2,
Bluff Island,2024-11-05,2_3_m,T2,Porites aranetai / deformis,Medium,Pigmented,2,
Bluff Island,2024-11-05,2_3_m,T2,Porites aranetai / deformis,Small,Pigmented,2,
Bluff Island,2024-11-05,2_3_m,T3,Porites lutea,Large,Pigmented,14,
Bluff Island,2024-11-05,2_3_m,T3,Porites lutea,Medium,Pigmented,34,
Bluff Island,2024-11-05,2_3_m,T3,Porites lutea,Small,Pigmented,25,
Bluff Island,2024-11-05,2_3_m,T3,Platygyra carnosus / acuta,Medium,Pigmented,1,
Bluff Island,2024-11-05,2_3_m,T3,Platygyra carnosus / acuta,Medium,Partial bleached,1,
Bluff Island,2024-11-05,2_3_m,T3,Platygyra carnosus / acuta,Small,Pigmented,1,
Bluff Island,2024-11-05,2_3_m,T3,Pavona decussata,Large,Pigmented,1,
Bluff Island,2024-11-05,2_3_m,T3,Pavona decussata,Medium,Pigmented,6,
Bluff Island,2024-11-05,2_3_m,T3,Pavona decussata,Medium,Partial bleached,1,
Bluff Island,2024-11-05,2_3_m,T3,Pavona decussata,Small,Pigmented,4,
Bluff Island,2024-11-05,2_3_m,T3,Dipsastraea rotumana / speciosa,Medium,Pigmented,1,
Bluff Island,2024-11-05,2_3_m,T3,Dipsastraea rotumana / speciosa,Small,Pigmented,3,
Bluff Island,2024-11-05,2_3_m,T3,Dipsastraea rotumana / speciosa,Small,Partial bleached,1,
Bluff Island,2024-11-05,2_3_m,T3,Dipsastraea rotumana / speciosa,Small,Dead,6,
Bluff Island,2024-11-05,2_3_m,T3,Favites pentagona,Medium,Pigmented,1,
Bluff Island,2024-11-05,2_3_m,T3,Favites pentagona,Small,Pigmented,1,
Bluff Island,2024-11-05,2_3_m,T3,Favites pentagona,Small,Dead,1,
Bluff Island,2024-11-05,2_3_m,T3,Favites abdita or sp.,Medium,Dead,2,
Bluff Island,2024-11-05,2_3_m,T3,Favites abdita or sp.,Small,Pigmented,5,
Bluff Island,2024-11-05,2_3_m,T3,Favites abdita or sp.,Small,Partial bleached,1,
Bluff Island,2024-11-05,2_3_m,T3,Favites abdita or sp.,Small,Dead,4,
Bluff Island,2024-11-05,2_3_m,T3,Favites chinensis  / Gonia aspera,Large,Pigmented,1,
Bluff Island,2024-11-05,2_3_m,T3,Favites chinensis  / Gonia aspera,Medium,Pigmented,1,
Bluff Island,2024-11-05,2_3_m,T3,Favites chinensis  / Gonia aspera,Small,Pigmented,4,
Bluff Island,2024-11-05,2_3_m,T3,Favites chinensis  / Gonia aspera,Small,Dead,3,
Bluff Island,2024-11-05,2_3_m,T3,Psammocora superficialis,Large,Partial bleached,1,Partially dead bleached and healthy. So confusing!
Bluff Island,2024-11-05,2_3_m,T3,Psammocora superficialis,Medium,Pigmented,1,
Bluff Island,2024-11-05,2_3_m,T3,Psammocora superficialis,Medium,Partial bleached,1,
Bluff Island,2024-11-05,2_3_m,T3,Psammocora superficialis,Small,Pigmented,2,
Bluff Island,2024-11-05,2_3_m,T3,Montipora peltiformis,Medium,Pigmented,3,
Bluff Island,2024-11-05,2_3_m,T3,Acropora digitifera / tumida,Large,Pigmented,2,
Bluff Island,2024-11-05,2_3_m,T3,Porites aranetai / deformis,Large,Pigmented,1,
Bluff Island,2024-11-05,2_3_m,T3,Porites aranetai / deformis,Medium,Pigmented,1,
Bluff Island,2024-11-05,2_3_m,T3,Porites aranetai / deformis,Small,Pigmented,4,
Bluff Island,2024-08-05,4_5_m,T1,Porites lutea,Small,Pigmented,3,I'm pretty confident that analysing 1-2 m might make a difference
Bluff Island,2024-08-05,4_5_m,T1,Porites lutea,Small,Partial bleached,2,
Bluff Island,2024-08-05,4_5_m,T1,Pavona decussata,Medium,Pigmented,1,
Bluff Island,2024-08-05,4_5_m,T1,Pavona decussata,Medium,Partial bleached,1,
Bluff Island,2024-08-05,4_5_m,T1,Goniopora columna or sp.,Medium,Pigmented,4,
Bluff Island,2024-08-05,4_5_m,T1,Goniopora columna or sp.,Small,Pigmented,2,
Bluff Island,2024-08-05,4_5_m,T1,Favites abdita or sp.,Small,Pigmented,1,
Bluff Island,2024-08-05,4_5_m,T1,Favites abdita or sp.,Small,Partial bleached,1,
Bluff Island,2024-08-05,4_5_m,T1,Cyphastrea serailia / japonica,Medium,Partial bleached,1,
Bluff Island,2024-08-05,4_5_m,T1,Acropora digitifera / tumida,Large,Pigmented,5,
Bluff Island,2024-08-05,4_5_m,T1,Acropora digitifera / tumida,Medium,Pigmented,10,
Bluff Island,2024-08-05,4_5_m,T1,Acropora digitifera / tumida,Medium,Partial bleached,3,
Bluff Island,2024-08-05,4_5_m,T1,Acropora digitifera / tumida,Small,Pigmented,9,
Bluff Island,2024-08-05,4_5_m,T1,Acropora digitifera / tumida,Small,Partial bleached,1,
Bluff Island,2024-08-05,4_5_m,T1,Acropora pruniosa / solitiariensis,Medium,Pigmented,2,
Bluff Island,2024-08-05,4_5_m,T1,Acropora pruniosa / solitiariensis,Small,Pigmented,1,
Bluff Island,2024-08-05,4_5_m,T1,Porites aranetai / deformis,Large,Pigmented,1,
Bluff Island,2024-08-05,4_5_m,T2,Porites lutea,Medium,Pigmented,1,Video quality is terrible…
Bluff Island,2024-08-05,4_5_m,T2,Porites lutea,Medium,Partial bleached,2,
Bluff Island,2024-08-05,4_5_m,T2,Porites lutea,Small,Pigmented,4,
Bluff Island,2024-08-05,4_5_m,T2,Porites lutea,Small,Partial bleached,2,
Bluff Island,2024-08-05,4_5_m,T2,Platygyra carnosus / acuta,Medium,Partial bleached,2,
Bluff Island,2024-08-05,4_5_m,T2,Pavona decussata,Large,Pigmented,2,
Bluff Island,2024-08-05,4_5_m,T2,Pavona decussata,Medium,Pigmented,5,
Bluff Island,2024-08-05,4_5_m,T2,Pavona decussata,Medium,Partial bleached,1,
Bluff Island,2024-08-05,4_5_m,T2,Pavona decussata,Small,Pigmented,2,
Bluff Island,2024-08-05,4_5_m,T2,Pavona decussata,Small,Partial bleached,1,
Bluff Island,2024-08-05,4_5_m,T2,Dipsastraea rotumana / speciosa,Small,Bleached,1,
Bluff Island,2024-08-05,4_5_m,T2,Favites abdita or sp.,Medium,Partial bleached,1,
Bluff Island,2024-08-05,4_5_m,T2,Montipora peltiformis,Small,Pigmented,1,
Bluff Island,2024-08-05,4_5_m,T2,Acropora digitifera / tumida,Large,Pigmented,5,
Bluff Island,2024-08-05,4_5_m,T2,Acropora digitifera / tumida,Large,Partial bleached,1,
Bluff Island,2024-08-05,4_5_m,T2,Acropora digitifera / tumida,Medium,Pigmented,9,
Bluff Island,2024-08-05,4_5_m,T2,Acropora digitifera / tumida,Medium,Partial bleached,6,
Bluff Island,2024-08-05,4_5_m,T2,Acropora digitifera / tumida,Small,Pigmented,21,
Bluff Island,2024-08-05,4_5_m,T2,Acropora digitifera / tumida,Small,Partial bleached,6,
Bluff Island,2024-08-05,4_5_m,T2,Acropora pruniosa / solitiariensis,Large,Partial bleached,3,
Bluff Island,2024-08-05,4_5_m,T2,Acropora pruniosa / solitiariensis,Medium,Pigmented,1,
Bluff Island,2024-08-05,4_5_m,T2,Acropora pruniosa / solitiariensis,Medium,Partial bleached,5,
Bluff Island,2024-08-05,4_5_m,T2,Acropora pruniosa / solitiariensis,Small,Partial bleached,3,
Bluff Island,2024-08-05,4_5_m,T2,Porites aranetai / deformis,Large,Pigmented,1,
Bluff Island,2024-08-05,4_5_m,T2,Galaxea fascicularis / astreata,Large,Pigmented,1,"The green colony. In the beginning, it was added to Doubts Id folder, but now I know it is a Galaxea"
Bluff Island,2024-08-05,4_5_m,T2,Porites aranetai / deformis,Medium,Pigmented,2,
Bluff Island,2024-08-05,4_5_m,T3,Porites lutea,Small,Pigmented,1,Video quality is terrible… Light changing a lot. A site with pretty much only Sand and Sea Urchins
Bluff Island,2024-08-05,4_5_m,T3,Pavona decussata,Medium,Pigmented,1,"Because some sites have more corals than others, it is necessary to work with relative values"
Bluff Island,2024-08-05,4_5_m,T3,Pavona decussata,Small,Pigmented,1,
Bluff Island,2024-08-06,4_5_m,T3,Acropora digitifera / tumida,Small,Pigmented,2,
Bluff Island,2024-08-06,1_m,T1,Porites lutea,Medium,Pigmented,3,
Bluff Island,2024-08-06,1_m,T1,Porites lutea,Medium,Partial bleached,4,
Bluff Island,2024-08-06,1_m,T1,Porites lutea,Small,Pigmented,5,
Bluff Island,2024-08-06,1_m,T1,Platygyra carnosus / acuta,Large,Partial bleached,1,
Bluff Island,2024-08-06,1_m,T1,Platygyra carnosus / acuta,Large,Bleached,2,
Bluff Island,2024-08-06,1_m,T1,Platygyra carnosus / acuta,Medium,Pigmented,1,
Bluff Island,2024-08-06,1_m,T1,Platygyra carnosus / acuta,Medium,Partial bleached,4,
Bluff Island,2024-08-06,1_m,T1,Platygyra carnosus / acuta,Medium,Bleached,1,
Bluff Island,2024-08-06,1_m,T1,Platygyra carnosus / acuta,Small,Pigmented,1,
Bluff Island,2024-08-06,1_m,T1,Platygyra carnosus / acuta,Small,Partial bleached,4,
Bluff Island,2024-08-06,1_m,T1,Platygyra carnosus / acuta,Small,Bleached,7,
Bluff Island,2024-08-06,1_m,T1,Pavona decussata,Medium,Pigmented,1,
Bluff Island,2024-08-06,1_m,T1,Pavona decussata,Medium,Partial bleached,4,
Bluff Island,2024-08-06,1_m,T1,Pavona decussata,Medium,Bleached,1,
Bluff Island,2024-08-06,1_m,T1,Pavona decussata,Small,Pigmented,2,
Bluff Island,2024-08-06,1_m,T1,Pavona decussata,Small,Partial bleached,4,
Bluff Island,2024-08-06,1_m,T1,Pavona decussata,Small,Bleached,3,
Bluff Island,2024-08-06,1_m,T1,Dipsastraea rotumana / speciosa,Small,Partial bleached,1,
Bluff Island,2024-08-06,1_m,T1,Favites abdita or sp.,Medium,Pigmented,1,
Bluff Island,2024-08-06,1_m,T1,Favites abdita or sp.,Medium,Partial bleached,1,
Bluff Island,2024-08-06,1_m,T1,Favites abdita or sp.,Medium,Bleached,1,
Bluff Island,2024-08-06,1_m,T1,Favites abdita or sp.,Small,Pigmented,3,
Bluff Island,2024-08-06,1_m,T1,Favites abdita or sp.,Small,Partial bleached,1,
Bluff Island,2024-08-06,1_m,T1,Favites chinensis  / Gonia aspera,Medium,Partial bleached,1,
Bluff Island,2024-08-06,1_m,T1,Favites chinensis  / Gonia aspera,Small,Partial bleached,1,
Bluff Island,2024-08-06,1_m,T1,Psammocora superficialis,Medium,Bleached,1,
Bluff Island,2024-08-06,1_m,T1,Psammocora superficialis,Small,Partial bleached,3,
Bluff Island,2024-08-06,1_m,T1,Acropora digitifera / tumida,Large,Bleached,4,"One huge one, and already dying a lot"
Bluff Island,2024-08-06,1_m,T1,Acropora digitifera / tumida,Large,Dead,1,
Bluff Island,2024-08-06,1_m,T1,Acropora digitifera / tumida,Medium,Bleached,5,
Bluff Island,2024-08-06,1_m,T1,Acropora digitifera / tumida,Small,Partial bleached,1,
Bluff Island,2024-08-06,1_m,T1,Unknown,Large,Partial bleached,1,Because of the irregular external corallite towards the outside could be Cyphastrea but the corallites seem to big for Cyphastrea
Bluff Island,2024-08-06,1_m,T1,Acropora digitifera / tumida,Small,Bleached,8,
Bluff Island,2024-08-06,1_m,T2,Porites lutea,Large,Pigmented,1,I am getting confused with the Acroporas so I suggest that we join them. It is becoming very confusing
Bluff Island,2024-08-06,1_m,T2,Porites lutea,Large,Partial bleached,1,
Bluff Island,2024-08-06,1_m,T2,Porites lutea,Medium,Pigmented,1,
Bluff Island,2024-08-06,1_m,T2,Porites lutea,Medium,Partial bleached,1,
Bluff Island,2024-08-06,1_m,T2,Porites lutea,Small,Pigmented,1,
Bluff Island,2024-08-06,1_m,T2,Porites lutea,Small,Partial bleached,1,
Bluff Island,2024-08-06,1_m,T2,Porites lutea,Small,Bleached,3,
Bluff Island,2024-08-06,1_m,T2,Platygyra carnosus / acuta,Large,Bleached,2,
Bluff Island,2024-08-06,1_m,T2,Platygyra carnosus / acuta,Medium,Partial bleached,3,
Bluff Island,2024-08-06,1_m,T2,Platygyra carnosus / acuta,Medium,Bleached,2,
Bluff Island,2024-08-06,1_m,T2,Platygyra carnosus / acuta,Small,Pigmented,3,
Bluff Island,2024-08-06,1_m,T2,Platygyra carnosus / acuta,Small,Partial bleached,3,
Bluff Island,2024-08-06,1_m,T2,Platygyra carnosus / acuta,Small,Bleached,7,
Bluff Island,2024-08-06,1_m,T2,Pavona decussata,Large,Pigmented,2,
Bluff Island,2024-08-06,1_m,T2,Pavona decussata,Medium,Pigmented,2,
Bluff Island,2024-08-06,1_m,T2,Pavona decussata,Medium,Partial bleached,5,
Bluff Island,2024-08-06,1_m,T2,Pavona decussata,Medium,Bleached,2,
Bluff Island,2024-08-06,1_m,T2,Pavona decussata,Small,Pigmented,5,
Bluff Island,2024-08-06,1_m,T2,Pavona decussata,Small,Partial bleached,4,
Bluff Island,2024-08-06,1_m,T2,Pavona decussata,Small,Bleached,3,
Bluff Island,2024-08-06,1_m,T2,Dipsastraea rotumana / speciosa,Large,Pigmented,1,
Bluff Island,2024-08-06,1_m,T2,Dipsastraea rotumana / speciosa,Large,Partial bleached,2,
Bluff Island,2024-08-06,1_m,T2,Dipsastraea rotumana / speciosa,Small,Bleached,1,
Bluff Island,2024-08-06,1_m,T2,Favites pentagona,Medium,Partial bleached,1,
Bluff Island,2024-08-06,1_m,T2,Favites abdita or sp.,Large,Partial bleached,1,
Bluff Island,2024-08-06,1_m,T2,Favites abdita or sp.,Large,Bleached,1,
Bluff Island,2024-08-06,1_m,T2,Favites abdita or sp.,Medium,Pigmented,2,
Bluff Island,2024-08-06,1_m,T2,Favites abdita or sp.,Medium,Partial bleached,1,
Bluff Island,2024-08-06,1_m,T2,Favites abdita or sp.,Medium,Bleached,1,
Bluff Island,2024-08-06,1_m,T2,Favites abdita or sp.,Small,Pigmented,3,
Bluff Island,2024-08-06,1_m,T2,Favites abdita or sp.,Small,Partial bleached,3,
Bluff Island,2024-08-06,1_m,T2,Favites chinensis  / Gonia aspera,Medium,Pigmented,1,
Bluff Island,2024-08-06,1_m,T2,Favites chinensis  / Gonia aspera,Medium,Partial bleached,3,
Bluff Island,2024-08-06,1_m,T2,Favites chinensis  / Gonia aspera,Medium,Bleached,3,
Bluff Island,2024-08-06,1_m,T2,Favites chinensis  / Gonia aspera,Small,Pigmented,2,
Bluff Island,2024-08-06,1_m,T2,Favites chinensis  / Gonia aspera,Small,Partial bleached,2,
Bluff Island,2024-08-06,1_m,T2,Favites chinensis  / Gonia aspera,Small,Bleached,1,
Bluff Island,2024-08-06,1_m,T2,Psammocora superficialis,Large,Partial bleached,1,
Bluff Island,2024-08-06,1_m,T2,Psammocora superficialis,Medium,Partial bleached,2,
Bluff Island,2024-08-06,1_m,T2,Psammocora superficialis,Small,Partial bleached,2,
Bluff Island,2024-08-06,1_m,T2,Psammocora superficialis,Small,Bleached,2,
Bluff Island,2024-08-06,1_m,T2,Acropora digitifera / tumida,Large,Bleached,2,
Bluff Island,2024-08-06,1_m,T2,Acropora digitifera / tumida,Medium,Bleached,4,
Bluff Island,2024-08-06,1_m,T2,Acropora digitifera / tumida,Small,Bleached,11,
Bluff Island,2024-08-06,1_m,T2,Acropora pruniosa / solitiariensis,Small,Bleached,1,
Bluff Island,2024-08-06,1_m,T3,Porites lutea,Large,Pigmented,2,Videos are cut in 4 because the Go Pro became too hot and it was stopping all the time alone.
Bluff Island,2024-08-06,1_m,T3,Porites lutea,Large,Partial bleached,2,
Bluff Island,2024-08-06,1_m,T3,Porites lutea,Medium,Pigmented,2,
Bluff Island,2024-08-06,1_m,T3,Porites lutea,Medium,Partial bleached,2,
Bluff Island,2024-08-06,1_m,T3,Porites lutea,Medium,Bleached,1,
Bluff Island,2024-08-06,1_m,T3,Porites lutea,Small,Pigmented,6,
Bluff Island,2024-08-06,1_m,T3,Porites lutea,Small,Partial bleached,8,
Bluff Island,2024-08-06,1_m,T3,Porites lutea,Small,Bleached,7,
Bluff Island,2024-08-06,1_m,T3,Platygyra carnosus / acuta,Large,Bleached,3,
Bluff Island,2024-08-06,1_m,T3,Platygyra carnosus / acuta,Medium,Partial bleached,2,
Bluff Island,2024-08-06,1_m,T3,Platygyra carnosus / acuta,Medium,Bleached,6,
Bluff Island,2024-08-06,1_m,T3,Platygyra carnosus / acuta,Small,Bleached,10,
Bluff Island,2024-08-06,1_m,T3,Pavona decussata,Medium,Pigmented,2,
Bluff Island,2024-08-06,1_m,T3,Pavona decussata,Small,Partial bleached,1,
Bluff Island,2024-08-06,1_m,T3,Dipsastraea rotumana / speciosa,Medium,Partial bleached,1,
Bluff Island,2024-08-06,1_m,T3,Dipsastraea rotumana / speciosa,Small,Pigmented,1,
Bluff Island,2024-08-06,1_m,T3,Dipsastraea rotumana / speciosa,Small,Partial bleached,1,
Bluff Island,2024-08-06,1_m,T3,Dipsastraea rotumana / speciosa,Small,Bleached,2,
Bluff Island,2024-08-06,1_m,T3,Favites pentagona,Medium,Partial bleached,1,
Bluff Island,2024-08-06,1_m,T3,Favites pentagona,Medium,Bleached,1,
Bluff Island,2024-08-06,1_m,T3,Favites pentagona,Small,Pigmented,2,
Bluff Island,2024-08-06,1_m,T3,Favites pentagona,Small,Partial bleached,2,
Bluff Island,2024-08-06,1_m,T3,Favites abdita or sp.,Large,Partial bleached,1,
Bluff Island,2024-08-06,1_m,T3,Favites abdita or sp.,Medium,Pigmented,3,
Bluff Island,2024-08-06,1_m,T3,Favites abdita or sp.,Medium,Partial bleached,1,
Bluff Island,2024-08-06,1_m,T3,Favites abdita or sp.,Small,Pigmented,8,
Bluff Island,2024-08-06,1_m,T3,Favites abdita or sp.,Small,Partial bleached,1,
Bluff Island,2024-08-06,1_m,T3,Favites abdita or sp.,Small,Bleached,2,
Bluff Island,2024-08-06,1_m,T3,Favites chinensis  / Gonia aspera,Medium,Bleached,3,
Bluff Island,2024-08-06,1_m,T3,Favites chinensis  / Gonia aspera,Small,Pigmented,1,
Bluff Island,2024-08-06,1_m,T3,Favites chinensis  / Gonia aspera,Small,Partial bleached,2,
Bluff Island,2024-08-06,1_m,T3,Favites chinensis  / Gonia aspera,Small,Bleached,5,
Bluff Island,2024-08-06,1_m,T3,Psammocora superficialis,Medium,Bleached,1,
Bluff Island,2024-08-06,1_m,T3,Psammocora superficialis,Small,Pigmented,1,
Bluff Island,2024-08-06,1_m,T3,Psammocora superficialis,Small,Partial bleached,3,
Bluff Island,2024-08-06,1_m,T3,Psammocora superficialis,Small,Bleached,1,
Bluff Island,2024-08-06,1_m,T3,Acropora digitifera / tumida,Large,Bleached,1,
Bluff Island,2024-08-06,1_m,T3,Acropora digitifera / tumida,Medium,Bleached,1,
Bluff Island,2024-08-06,1_m,T3,Favites pentagona,Large,Pigmented,1,"Coral colony 2 of Doubts ID. You could categorise this one as Partial bleached, but since Colony 3 is more white, I set this one as pigmented"
Bluff Island,2024-08-06,1_m,T3,Favites pentagona,Medium,Partial bleached,1,
Bluff Island,2024-08-06,1_m,T3,Unknown,Small,Pigmented,1,
Bluff Island,2024-08-06,1_m,T3,Unknown,Small,Uncategorised,2,
Bluff Island,2024-08-06,1_m,T3,Acropora digitifera / tumida,Small,Bleached,11,
Bluff Island,2024-08-06,1_m,T3,Acropora pruniosa / solitiariensis,Large,Bleached,2,
Bluff Island,2024-11-05,1_m,T1,Porites lutea,Large,Pigmented,2,The filming survey is too fast…
Bluff Island,2024-11-05,1_m,T1,Porites lutea,Medium,Pigmented,8,
Bluff Island,2024-11-05,1_m,T1,Porites lutea,Small,Pigmented,7,
Bluff Island,2024-11-05,1_m,T1,Porites lutea,Small,Partial bleached,1,
Bluff Island,2024-11-05,1_m,T1,Platygyra carnosus / acuta,Large,Pigmented,1,
Bluff Island,2024-11-05,1_m,T1,Platygyra carnosus / acuta,Medium,Pigmented,5,
Bluff Island,2024-11-05,1_m,T1,Platygyra carnosus / acuta,Medium,Partial bleached,1,
Bluff Island,2024-11-05,1_m,T1,Platygyra carnosus / acuta,Small,Pigmented,6,
Bluff Island,2024-11-05,1_m,T1,Platygyra carnosus / acuta,Small,Dead,1,
Bluff Island,2024-11-05,1_m,T1,Pavona decussata,Large,Pigmented,1,
Bluff Island,2024-11-05,1_m,T1,Pavona decussata,Medium,Pigmented,4,
Bluff Island,2024-11-05,1_m,T1,Pavona decussata,Medium,Partial bleached,4,
Bluff Island,2024-11-05,1_m,T1,Pavona decussata,Medium,Dead,2,Partiallly dead over 1/2 of the colony
Bluff Island,2024-11-05,1_m,T1,Pavona decussata,Small,Pigmented,10,
Bluff Island,2024-11-05,1_m,T1,Pavona decussata,Small,Partial bleached,3,
Bluff Island,2024-11-05,1_m,T1,Dipsastraea rotumana / speciosa,Small,Pigmented,1,
Bluff Island,2024-11-05,1_m,T1,Favites abdita or sp.,Medium,Pigmented,2,
Bluff Island,2024-11-05,1_m,T1,Favites abdita or sp.,Small,Pigmented,4,
Bluff Island,2024-11-05,1_m,T1,Favites abdita or sp.,Small,Partial bleached,1,
Bluff Island,2024-11-05,1_m,T1,Favites chinensis  / Gonia aspera,Small,Pigmented,3,
Bluff Island,2024-11-05,1_m,T1,Favites chinensis  / Gonia aspera,Small,Partial bleached,2,
Bluff Island,2024-11-05,1_m,T1,Favites chinensis  / Gonia aspera,Small,Dead,3,
Bluff Island,2024-11-05,1_m,T1,Psammocora superficialis,Small,Pigmented,1,
Bluff Island,2024-11-05,1_m,T1,Psammocora superficialis,Small,Partial bleached,2,
Bluff Island,2024-11-05,1_m,T1,Acropora digitifera / tumida,Large,Pigmented,1,
Bluff Island,2024-11-05,1_m,T1,Acropora digitifera / tumida,Medium,Pigmented,3,
Bluff Island,2024-11-05,1_m,T1,Acropora pruniosa / solitiariensis,Large,Pigmented,2,
Bluff Island,2024-11-05,1_m,T1,Porites aranetai / deformis,Small,Pigmented,1,
Bluff Island,2024-11-05,1_m,T1,Dead unknown,Medium,Dead,1,
Bluff Island,2024-11-05,1_m,T1,Dead unknown,Small,Dead,1,
Bluff Island,2024-11-05,1_m,T2,Porites lutea,Large,Pigmented,3,I have some doubs if the Large Acropora pruinosa is alive or dead… The white transect is a real problem. Terrible and messes up the lighting a lot
Bluff Island,2024-11-05,1_m,T2,Porites lutea,Medium,Pigmented,1,
Bluff Island,2024-11-05,1_m,T2,Porites lutea,Medium,Partial bleached,2,
Bluff Island,2024-11-05,1_m,T2,Porites lutea,Small,Pigmented,9,
Bluff Island,2024-11-05,1_m,T2,Porites lutea,Small,Partial bleached,4,
Bluff Island,2024-11-05,1_m,T2,Platygyra carnosus / acuta,Large,Pigmented,6,
Bluff Island,2024-11-05,1_m,T2,Platygyra carnosus / acuta,Large,Partial bleached,2,
Bluff Island,2024-11-05,1_m,T2,Platygyra carnosus / acuta,Large,Dead,1,
Bluff Island,2024-11-05,1_m,T2,Platygyra carnosus / acuta,Medium,Pigmented,6,
Bluff Island,2024-11-05,1_m,T2,Platygyra carnosus / acuta,Medium,Partial bleached,2,
Bluff Island,2024-11-05,1_m,T2,Platygyra carnosus / acuta,Small,Pigmented,4,
Bluff Island,2024-11-05,1_m,T2,Pavona decussata,Large,Pigmented,2,
Bluff Island,2024-11-05,1_m,T2,Pavona decussata,Large,Partial bleached,2,
Bluff Island,2024-11-05,1_m,T2,Pavona decussata,Medium,Pigmented,9,
Bluff Island,2024-11-05,1_m,T2,Pavona decussata,Medium,Partial bleached,3,
Bluff Island,2024-11-05,1_m,T2,Pavona decussata,Small,Pigmented,11,
Bluff Island,2024-11-05,1_m,T2,Pavona decussata,Small,Partial bleached,3,
Bluff Island,2024-11-05,1_m,T2,Dipsastraea rotumana / speciosa,Medium,Pigmented,1,
Bluff Island,2024-11-05,1_m,T2,Favites pentagona,Small,Pigmented,2,
Bluff Island,2024-11-05,1_m,T2,Favites abdita or sp.,Medium,Pigmented,3,
Bluff Island,2024-11-05,1_m,T2,Favites abdita or sp.,Small,Pigmented,1,
Bluff Island,2024-11-05,1_m,T2,Favites abdita or sp.,Small,Partial bleached,1,
Bluff Island,2024-11-05,1_m,T2,Favites abdita or sp.,Small,Bleached,1,
Bluff Island,2024-11-05,1_m,T2,Favites chinensis  / Gonia aspera,Large,Pigmented,1,
Bluff Island,2024-11-05,1_m,T2,Favites chinensis  / Gonia aspera,Medium,Pigmented,2,
Bluff Island,2024-11-05,1_m,T2,Favites chinensis  / Gonia aspera,Medium,Partial bleached,1,
Bluff Island,2024-11-05,1_m,T2,Favites chinensis  / Gonia aspera,Small,Pigmented,4,
Bluff Island,2024-11-05,1_m,T2,Favites chinensis  / Gonia aspera,Small,Partial bleached,2,
Bluff Island,2024-11-05,1_m,T2,Psammocora superficialis,Small,Pigmented,1,
Bluff Island,2024-11-05,1_m,T2,Acropora pruniosa / solitiariensis,Large,Pigmented,1,
Bluff Island,2024-11-05,1_m,T2,Porites aranetai / deformis,Small,Partial bleached,1,
Bluff Island,2024-11-05,1_m,T2,Dead unknown,Small,Dead,1,
Bluff Island,2024-11-05,1_m,T3,Porites lutea,Large,Pigmented,6,The water was so dirty!
Bluff Island,2024-11-05,1_m,T3,Porites lutea,Large,Partial bleached,1,
Bluff Island,2024-11-05,1_m,T3,Porites lutea,Medium,Pigmented,10,
Bluff Island,2024-11-05,1_m,T3,Porites lutea,Medium,Partial bleached,1,
Bluff Island,2024-11-05,1_m,T3,Porites lutea,Small,Pigmented,4,"One of the colonies was previously in the Doubts ID, but I concluded it is a Pigmented Porites"
Bluff Island,2024-11-05,1_m,T3,Porites lutea,Small,Partial bleached,1,
Bluff Island,2024-11-05,1_m,T3,Platygyra carnosus / acuta,Large,Pigmented,4,
Bluff Island,2024-11-05,1_m,T3,Platygyra carnosus / acuta,Large,Partial bleached,3,
Bluff Island,2024-11-05,1_m,T3,Platygyra carnosus / acuta,Medium,Pigmented,5,
Bluff Island,2024-11-05,1_m,T3,Platygyra carnosus / acuta,Medium,Partial bleached,2,
Bluff Island,2024-11-05,1_m,T3,Platygyra carnosus / acuta,Medium,Bleached,1,
Bluff Island,2024-11-05,1_m,T3,Platygyra carnosus / acuta,Small,Pigmented,6,
Bluff Island,2024-11-05,1_m,T3,Platygyra carnosus / acuta,Small,Partial bleached,1,
Bluff Island,2024-11-05,1_m,T3,Platygyra carnosus / acuta,Small,Bleached,1,
Bluff Island,2024-11-05,1_m,T3,Pavona decussata,Large,Pigmented,8,
Bluff Island,2024-11-05,1_m,T3,Pavona decussata,Large,Partial bleached,1,
Bluff Island,2024-11-05,1_m,T3,Pavona decussata,Medium,Pigmented,9,
Bluff Island,2024-11-05,1_m,T3,Pavona decussata,Medium,Partial bleached,2,
Bluff Island,2024-11-05,1_m,T3,Pavona decussata,Medium,Dead,1,
Bluff Island,2024-11-05,1_m,T3,Pavona decussata,Small,Pigmented,9,
Bluff Island,2024-11-05,1_m,T3,Pavona decussata,Small,Partial bleached,1,
Bluff Island,2024-11-05,1_m,T3,Favites pentagona,Small,Partial bleached,2,
Bluff Island,2024-11-05,1_m,T3,Favites abdita or sp.,Medium,Pigmented,1,
Bluff Island,2024-11-05,1_m,T3,Favites abdita or sp.,Medium,Partial bleached,1,
Bluff Island,2024-11-05,1_m,T3,Favites abdita or sp.,Small,Pigmented,2,
Bluff Island,2024-11-05,1_m,T3,Favites abdita or sp.,Small,Partial bleached,2,
Bluff Island,2024-11-05,1_m,T3,Favites chinensis  / Gonia aspera,Medium,Pigmented,2,
Bluff Island,2024-11-05,1_m,T3,Favites chinensis  / Gonia aspera,Medium,Partial bleached,1,
Bluff Island,2024-11-05,1_m,T3,Favites chinensis  / Gonia aspera,Small,Pigmented,2,
Bluff Island,2024-11-05,1_m,T3,Favites chinensis  / Gonia aspera,Small,Partial bleached,2,
Bluff Island,2024-11-05,1_m,T3,Psammocora superficialis,Small,Pigmented,1,
Bluff Island,2024-11-05,1_m,T3,Psammocora superficialis,Small,Partial bleached,2,
Bluff Island,2024-11-05,1_m,T3,Porites aranetai / deformis,Medium,Pigmented,1,
Bluff Island,2024-11-05,1_m,T3,Unknown,Medium,Bleached,1,
Bluff Island,2024-11-05,1_m,T3,Unknown,Large,Pigmented,1,
Sharp Island,2024-11-05,1_m,T1,Porites lutea,Large,Partial bleached,1,So dark because it was so late… I had to increase the bightness. Very very very few corals and boulder rocks area
Sharp Island,2024-11-05,1_m,T1,Porites lutea,Medium,Pigmented,2,
Sharp Island,2024-11-05,1_m,T1,Porites lutea,Small,Pigmented,3,
Sharp Island,2024-11-05,1_m,T1,Porites lutea,Small,Partial bleached,1,
Sharp Island,2024-11-05,1_m,T1,Pavona decussata,Large,Pigmented,1,
Sharp Island,2024-11-05,1_m,T1,Pavona decussata,Medium,Pigmented,1,
Sharp Island,2024-11-05,1_m,T1,Pavona decussata,Small,Pigmented,3,
Sharp Island,2024-11-05,1_m,T1,Favites pentagona,Small,Pigmented,1,
Sharp Island,2024-11-05,1_m,T1,Porites aranetai / deformis,Medium,Pigmented,1,
Sharp Island,2024-11-05,1_m,T2,Porites lutea,Large,Pigmented,2,
Sharp Island,2024-11-05,1_m,T2,Porites lutea,Medium,Pigmented,6,
Sharp Island,2024-11-05,1_m,T2,Porites lutea,Medium,Partial bleached,2,
Sharp Island,2024-11-05,1_m,T2,Porites lutea,Small,Pigmented,2,
Sharp Island,2024-11-05,1_m,T2,Porites lutea,Small,Partial bleached,1,
Sharp Island,2024-11-05,1_m,T2,Platygyra carnosus / acuta,Small,Pigmented,1,
Sharp Island,2024-11-05,1_m,T2,Platygyra carnosus / acuta,Small,Partial bleached,2,
Sharp Island,2024-11-05,1_m,T2,Pavona decussata,Large,Pigmented,4,
Sharp Island,2024-11-05,1_m,T2,Pavona decussata,Medium,Pigmented,6,
Sharp Island,2024-11-05,1_m,T2,Pavona decussata,Small,Pigmented,10,
Sharp Island,2024-11-05,1_m,T2,Pavona decussata,Small,Partial bleached,1,
Sharp Island,2024-11-05,1_m,T2,Pavona decussata,Small,Dead,2,
Sharp Island,2024-11-05,1_m,T2,Dipsastraea rotumana / speciosa,Medium,Pigmented,2,
Sharp Island,2024-11-05,1_m,T2,Dipsastraea rotumana / speciosa,Small,Partial bleached,1,
Sharp Island,2024-11-05,1_m,T2,Favites chinensis  / Gonia aspera,Large,Partial bleached,1,
Sharp Island,2024-11-05,1_m,T2,Favites chinensis  / Gonia aspera,Small,Pigmented,3,
Sharp Island,2024-11-05,1_m,T2,Favites chinensis  / Gonia aspera,Small,Partial bleached,1,
Sharp Island,2024-11-05,1_m,T2,Unknown,Medium,Uncategorised,1,
Sharp Island,2024-11-05,1_m,T2,Porites aranetai / deformis,Small,Pigmented,1,
Sharp Island,2024-11-05,1_m,T3,Porites lutea,Small,Pigmented,1,"Again, very few corals. It was so dark and so late"
Sharp Island,2024-11-05,1_m,T3,Porites lutea,Small,Partial bleached,1,
Sharp Island,2024-11-05,1_m,T3,Dipsastraea rotumana / speciosa,Small,Pigmented,1,
Sharp Island,2024-11-05,1_m,T3,Favites chinensis  / Gonia aspera,Small,Pigmented,1,
Sharp Island,2024-08-05,1_m,T1,Porites lutea,Large,Partial bleached,1,The bleaching transects were placed where there were way more corals than the post bleaching transect
Sharp Island,2024-08-05,1_m,T1,Porites lutea,Large,Bleached,6,Dead it means majority of hte colony with mortality. More than 1/2 Partial mortality
Sharp Island,2024-08-05,1_m,T1,Porites lutea,Large,Dead,2,
Sharp Island,2024-08-05,1_m,T1,Porites lutea,Medium,Pigmented,2,
Sharp Island,2024-08-05,1_m,T1,Porites lutea,Medium,Partial bleached,5,
Sharp Island,2024-08-05,1_m,T1,Porites lutea,Medium,Bleached,7,
Sharp Island,2024-08-05,1_m,T1,Porites lutea,Small,Pigmented,5,
Sharp Island,2024-08-05,1_m,T1,Porites lutea,Small,Partial bleached,4,
Sharp Island,2024-08-05,1_m,T1,Porites lutea,Small,Bleached,9,
Sharp Island,2024-08-05,1_m,T1,Platygyra carnosus / acuta,Medium,Partial bleached,1,
Sharp Island,2024-08-05,1_m,T1,Platygyra carnosus / acuta,Medium,Bleached,4,
Sharp Island,2024-08-05,1_m,T1,Platygyra carnosus / acuta,Small,Pigmented,1,
Sharp Island,2024-08-05,1_m,T1,Platygyra carnosus / acuta,Small,Bleached,5,
Sharp Island,2024-08-05,1_m,T1,Pavona decussata,Large,Pigmented,1,
Sharp Island,2024-08-05,1_m,T1,Pavona decussata,Large,Partial bleached,4,
Sharp Island,2024-08-05,1_m,T1,Pavona decussata,Large,Bleached,9,
Sharp Island,2024-08-05,1_m,T1,Pavona decussata,Medium,Pigmented,3,
Sharp Island,2024-08-05,1_m,T1,Pavona decussata,Medium,Partial bleached,14,
Sharp Island,2024-08-05,1_m,T1,Pavona decussata,Medium,Bleached,8,
Sharp Island,2024-08-05,1_m,T1,Pavona decussata,Small,Pigmented,5,
Sharp Island,2024-08-05,1_m,T1,Pavona decussata,Small,Partial bleached,7,
Sharp Island,2024-08-05,1_m,T1,Pavona decussata,Small,Bleached,2,
Sharp Island,2024-08-05,1_m,T1,Goniopora columna or sp.,Small,Bleached,3,
Sharp Island,2024-08-05,1_m,T1,Dipsastraea rotumana / speciosa,Small,Bleached,4,
Sharp Island,2024-08-05,1_m,T1,Favites abdita or sp.,Small,Partial bleached,1,
Sharp Island,2024-08-05,1_m,T1,Favites abdita or sp.,Small,Bleached,1,
Sharp Island,2024-08-05,1_m,T1,Favites chinensis  / Gonia aspera,Small,Partial bleached,1,
Sharp Island,2024-08-05,1_m,T1,Acropora digitifera / tumida,Large,Bleached,5,
Sharp Island,2024-08-05,1_m,T1,Acropora digitifera / tumida,Medium,Bleached,2,
Sharp Island,2024-08-05,1_m,T1,Acropora digitifera / tumida,Small,Bleached,7,
Sharp Island,2024-08-05,1_m,T1,Acropora pruniosa / solitiariensis,Medium,Bleached,1,
Sharp Island,2024-08-05,1_m,T1,Unknown,Large,Bleached,1,
Sharp Island,2024-08-05,1_m,T1,Unknown,Medium,Pigmented,1,
Sharp Island,2024-08-05,1_m,T1,Unknown,Medium,Bleached,1,
Sharp Island,2024-08-05,1_m,T1,Porites aranetai / deformis,Medium,Pigmented,1,
Sharp Island,2024-08-05,1_m,T2,Porites lutea,Large,Partial bleached,2,"Incredible amount of Gonioporas, of course all bleached"
Sharp Island,2024-08-05,1_m,T2,Porites lutea,Large,Bleached,1,
Sharp Island,2024-08-05,1_m,T2,Porites lutea,Medium,Pigmented,3,
Sharp Island,2024-08-05,1_m,T2,Porites lutea,Medium,Partial bleached,6,
Sharp Island,2024-08-05,1_m,T2,Porites lutea,Medium,Bleached,4,
Sharp Island,2024-08-05,1_m,T2,Porites lutea,Small,Pigmented,8,
Sharp Island,2024-08-05,1_m,T2,Porites lutea,Small,Partial bleached,5,
Sharp Island,2024-08-05,1_m,T2,Porites lutea,Small,Bleached,12,
Sharp Island,2024-08-05,1_m,T2,Platygyra carnosus / acuta,Large,Bleached,2,
Sharp Island,2024-08-05,1_m,T2,Platygyra carnosus / acuta,Medium,Bleached,1,
Sharp Island,2024-08-05,1_m,T2,Platygyra carnosus / acuta,Small,Bleached,2,
Sharp Island,2024-08-05,1_m,T2,Pavona decussata,Large,Pigmented,1,
Sharp Island,2024-08-05,1_m,T2,Pavona decussata,Large,Partial bleached,8,
Sharp Island,2024-08-05,1_m,T2,Pavona decussata,Large,Bleached,3,
Sharp Island,2024-08-05,1_m,T2,Pavona decussata,Medium,Bleached,3,
Sharp Island,2024-08-05,1_m,T2,Pavona decussata,Small,Bleached,5,
Sharp Island,2024-08-05,1_m,T2,Goniopora columna or sp.,Large,Bleached,8,
Sharp Island,2024-08-05,1_m,T2,Goniopora columna or sp.,Medium,Bleached,3,
Sharp Island,2024-08-05,1_m,T2,Goniopora columna or sp.,Small,Bleached,5,
Sharp Island,2024-08-05,1_m,T2,Dipsastraea rotumana / speciosa,Small,Bleached,1,
Sharp Island,2024-08-05,1_m,T2,Favites abdita or sp.,Small,Partial bleached,2,
Sharp Island,2024-08-05,1_m,T2,Favites abdita or sp.,Small,Bleached,2,
Sharp Island,2024-08-05,1_m,T2,Favites chinensis  / Gonia aspera,Medium,Partial bleached,2,
Sharp Island,2024-08-05,1_m,T2,Favites chinensis  / Gonia aspera,Medium,Bleached,1,
Sharp Island,2024-08-05,1_m,T2,Favites chinensis  / Gonia aspera,Small,Bleached,2,
Sharp Island,2024-08-05,1_m,T2,Psammocora superficialis,Medium,Bleached,1,
Sharp Island,2024-08-05,1_m,T2,Psammocora superficialis,Small,Bleached,3,
Sharp Island,2024-08-05,1_m,T2,Acropora digitifera / tumida,Large,Bleached,8,
Sharp Island,2024-08-05,1_m,T2,Acropora digitifera / tumida,Medium,Partial bleached,1,
Sharp Island,2024-08-05,1_m,T2,Acropora digitifera / tumida,Medium,Bleached,5,
Sharp Island,2024-08-05,1_m,T2,Porites aranetai / deformis,Large,Pigmented,1,
Sharp Island,2024-08-05,1_m,T2,Porites aranetai / deformis,Large,Bleached,2,
Sharp Island,2024-08-05,1_m,T2,Porites aranetai / deformis,Small,Partial bleached,1,
Sharp Island,2024-08-05,1_m,T2,Unknown,Medium,Bleached,1,
Sharp Island,2024-08-05,1_m,T2,Unknown,Small,Bleached,1,
Sharp Island,2024-08-05,1_m,T3,Porites lutea,Large,Pigmented,4,Video divided in a lot of short videos because the Go Pro was too hot and turning off
Sharp Island,2024-08-05,1_m,T3,Porites lutea,Large,Partial bleached,4,"Definitely, these transects were place on top of corals. It is good because our bleaching values are relative"
Sharp Island,2024-08-05,1_m,T3,Porites lutea,Large,Bleached,1,They will not serve to compare with the postbleaching where the transects were not placed in an area with a lot of corals
Sharp Island,2024-08-05,1_m,T3,Porites lutea,Medium,Pigmented,2,
Sharp Island,2024-08-05,1_m,T3,Porites lutea,Medium,Partial bleached,6,
Sharp Island,2024-08-05,1_m,T3,Porites lutea,Medium,Bleached,3,
Sharp Island,2024-08-05,1_m,T3,Porites lutea,Small,Pigmented,2,
Sharp Island,2024-08-05,1_m,T3,Porites lutea,Small,Partial bleached,4,
Sharp Island,2024-08-05,1_m,T3,Porites lutea,Small,Bleached,5,
Sharp Island,2024-08-05,1_m,T3,Platygyra carnosus / acuta,Large,Bleached,4,
Sharp Island,2024-08-05,1_m,T3,Platygyra carnosus / acuta,Medium,Partial bleached,1,
Sharp Island,2024-08-05,1_m,T3,Platygyra carnosus / acuta,Medium,Bleached,2,
Sharp Island,2024-08-05,1_m,T3,Platygyra carnosus / acuta,Small,Bleached,3,
Sharp Island,2024-08-05,1_m,T3,Pavona decussata,Large,Pigmented,1,
Sharp Island,2024-08-05,1_m,T3,Pavona decussata,Large,Partial bleached,6,
Sharp Island,2024-08-05,1_m,T3,Pavona decussata,Large,Bleached,4,
Sharp Island,2024-08-05,1_m,T3,Pavona decussata,Medium,Pigmented,4,
Sharp Island,2024-08-05,1_m,T3,Pavona decussata,Medium,Partial bleached,4,
Sharp Island,2024-08-05,1_m,T3,Pavona decussata,Medium,Bleached,5,
Sharp Island,2024-08-05,1_m,T3,Pavona decussata,Small,Pigmented,6,
Sharp Island,2024-08-05,1_m,T3,Pavona decussata,Small,Partial bleached,5,
Sharp Island,2024-08-05,1_m,T3,Pavona decussata,Small,Bleached,5,
Sharp Island,2024-08-05,1_m,T3,Dipsastraea rotumana / speciosa,Small,Partial bleached,1,
Sharp Island,2024-08-05,1_m,T3,Dipsastraea rotumana / speciosa,Small,Bleached,3,
Sharp Island,2024-08-05,1_m,T3,Favites abdita or sp.,Medium,Partial bleached,1,
Sharp Island,2024-08-05,1_m,T3,Favites abdita or sp.,Small,Partial bleached,1,
Sharp Island,2024-08-05,1_m,T3,Favites abdita or sp.,Small,Bleached,3,
Sharp Island,2024-08-05,1_m,T3,Favites chinensis  / Gonia aspera,Large,Bleached,2,
Sharp Island,2024-08-05,1_m,T3,Favites chinensis  / Gonia aspera,Medium,Bleached,3,
Sharp Island,2024-08-05,1_m,T3,Favites chinensis  / Gonia aspera,Small,Partial bleached,2,
Sharp Island,2024-08-05,1_m,T3,Favites chinensis  / Gonia aspera,Small,Bleached,3,
Sharp Island,2024-08-05,1_m,T3,Psammocora superficialis,Small,Bleached,1,
Sharp Island,2024-08-05,1_m,T3,Acropora digitifera / tumida,Large,Bleached,12,
Sharp Island,2024-08-05,1_m,T3,Acropora digitifera / tumida,Large,Dead,2,
Sharp Island,2024-08-05,1_m,T3,Acropora digitifera / tumida,Medium,Bleached,3,
Sharp Island,2024-08-05,1_m,T3,Acropora digitifera / tumida,Small,Bleached,13,
Sharp Island,2024-08-05,1_m,T3,Porites aranetai / deformis,Small,Partial bleached,1,
Sharp Island,2024-08-05,1_m,T3,Unknown,Small,Uncategorised,5,They might be Gonioporas or they might even be empty substrate that got fed by herbivorous Sea Urchins?
Sharp Island,2024-08-05,1_m,T3,Unknown,Medium,Bleached,1,
Tung Ping Chau,2024-08-09,1_m,T1,Porites lutea,Large,Pigmented,3,
Tung Ping Chau,2024-08-09,1_m,T1,Porites lutea,Large,Partial bleached,4,
Tung Ping Chau,2024-08-09,1_m,T1,Porites lutea,Large,Bleached,8,
Tung Ping Chau,2024-08-09,1_m,T1,Porites lutea,Medium,Pigmented,6,
Tung Ping Chau,2024-08-09,1_m,T1,Porites lutea,Medium,Partial bleached,7,
Tung Ping Chau,2024-08-09,1_m,T1,Porites lutea,Medium,Bleached,13,
Tung Ping Chau,2024-08-09,1_m,T1,Porites lutea,Small,Pigmented,6,
Tung Ping Chau,2024-08-09,1_m,T1,Porites lutea,Small,Partial bleached,8,
Tung Ping Chau,2024-08-09,1_m,T1,Porites lutea,Small,Bleached,12,
Tung Ping Chau,2024-08-09,1_m,T1,Platygyra carnosus / acuta,Large,Bleached,13,
Tung Ping Chau,2024-08-09,1_m,T1,Platygyra carnosus / acuta,Medium,Bleached,12,
Tung Ping Chau,2024-08-09,1_m,T1,Platygyra carnosus / acuta,Small,Bleached,13,
Tung Ping Chau,2024-08-09,1_m,T1,Pavona decussata,Small,Bleached,1,
Tung Ping Chau,2024-08-09,1_m,T1,Dipsastraea rotumana / speciosa,Large,Bleached,1,
Tung Ping Chau,2024-08-09,1_m,T1,Dipsastraea rotumana / speciosa,Medium,Partial bleached,3,
Tung Ping Chau,2024-08-09,1_m,T1,Dipsastraea rotumana / speciosa,Medium,Bleached,17,
Tung Ping Chau,2024-08-09,1_m,T1,Dipsastraea rotumana / speciosa,Small,Partial bleached,3,
Tung Ping Chau,2024-08-09,1_m,T1,Dipsastraea rotumana / speciosa,Small,Bleached,25,
Tung Ping Chau,2024-08-09,1_m,T1,Favites pentagona,Medium,Bleached,2,
Tung Ping Chau,2024-08-09,1_m,T1,Favites pentagona,Small,Bleached,2,
Tung Ping Chau,2024-08-09,1_m,T1,Favites abdita or sp.,Large,Bleached,2,
Tung Ping Chau,2024-08-09,1_m,T1,Favites abdita or sp.,Medium,Bleached,2,
Tung Ping Chau,2024-08-09,1_m,T1,Favites abdita or sp.,Small,Partial bleached,1,
Tung Ping Chau,2024-08-09,1_m,T1,Favites abdita or sp.,Small,Bleached,9,
Tung Ping Chau,2024-08-09,1_m,T1,Favites abdita or sp.,Small,Dead,2,
Tung Ping Chau,2024-08-09,1_m,T1,Favites chinensis  / Gonia aspera,Medium,Partial bleached,1,
Tung Ping Chau,2024-08-09,1_m,T1,Favites chinensis  / Gonia aspera,Medium,Bleached,1,
Tung Ping Chau,2024-08-09,1_m,T1,Favites chinensis  / Gonia aspera,Small,Bleached,13,
Tung Ping Chau,2024-08-09,1_m,T1,Psammocora superficialis,Small,Bleached,3,
Tung Ping Chau,2024-08-09,1_m,T1,Porites aranetai / deformis,Medium,Pigmented,1,
Tung Ping Chau,2024-08-09,1_m,T1,Unknown,Medium,Bleached,1,
Tung Ping Chau,2024-08-09,1_m,T1,Unknown,Small,Bleached,3,
Tung Ping Chau,2024-08-09,1_m,T2,Porites lutea,Medium,Bleached,2,Transect placed towards the rocks ( right of the beach) where there are random few corals instead of reef. All baby recruits
Tung Ping Chau,2024-08-09,1_m,T2,Porites lutea,Small,Partial bleached,2,
Tung Ping Chau,2024-08-09,1_m,T2,Porites lutea,Small,Bleached,14,
Tung Ping Chau,2024-08-09,1_m,T2,Platygyra carnosus / acuta,Small,Bleached,3,
Tung Ping Chau,2024-08-09,1_m,T2,Dipsastraea rotumana / speciosa,Medium,Partial bleached,1,
Tung Ping Chau,2024-08-09,1_m,T2,Dipsastraea rotumana / speciosa,Medium,Bleached,1,
Tung Ping Chau,2024-08-09,1_m,T2,Dipsastraea rotumana / speciosa,Small,Partial bleached,5,
Tung Ping Chau,2024-08-09,1_m,T2,Dipsastraea rotumana / speciosa,Small,Bleached,45,
Tung Ping Chau,2024-08-09,1_m,T2,Dipsastraea rotumana / speciosa,Small,Dead,1,
Tung Ping Chau,2024-08-09,1_m,T2,Favites abdita or sp.,Large,Partial bleached,1,
Tung Ping Chau,2024-08-09,1_m,T2,Favites abdita or sp.,Small,Bleached,4,
Tung Ping Chau,2024-08-09,1_m,T2,Favites chinensis  / Gonia aspera,Medium,Partial bleached,1,
Tung Ping Chau,2024-08-09,1_m,T2,Favites chinensis  / Gonia aspera,Medium,Bleached,1,
Tung Ping Chau,2024-08-09,1_m,T2,Favites chinensis  / Gonia aspera,Small,Pigmented,4,
Tung Ping Chau,2024-08-09,1_m,T2,Favites chinensis  / Gonia aspera,Small,Partial bleached,1,
Tung Ping Chau,2024-08-09,1_m,T2,Favites chinensis  / Gonia aspera,Small,Bleached,14,
Tung Ping Chau,2024-08-09,1_m,T2,Psammocora superficialis,Medium,Bleached,1,
Tung Ping Chau,2024-08-09,1_m,T2,Psammocora superficialis,Small,Bleached,1,
Tung Ping Chau,2024-08-09,1_m,T2,Unknown,Small,Bleached,3,
Tung Ping Chau,2024-08-09,1_m,T3,Porites lutea,Large,Bleached,1,Still transect towards the rocks; same as Transect 2
Tung Ping Chau,2024-08-09,1_m,T3,Porites lutea,Medium,Partial bleached,1,
Tung Ping Chau,2024-08-09,1_m,T3,Porites lutea,Medium,Bleached,1,
Tung Ping Chau,2024-08-09,1_m,T3,Porites lutea,Small,Pigmented,2,
Tung Ping Chau,2024-08-09,1_m,T3,Porites lutea,Small,Partial bleached,4,
Tung Ping Chau,2024-08-09,1_m,T3,Porites lutea,Small,Bleached,13,
Tung Ping Chau,2024-08-09,1_m,T3,Platygyra carnosus / acuta,Large,Bleached,1,
Tung Ping Chau,2024-08-09,1_m,T3,Platygyra carnosus / acuta,Medium,Bleached,1,
Tung Ping Chau,2024-08-09,1_m,T3,Platygyra carnosus / acuta,Small,Bleached,3,
Tung Ping Chau,2024-08-09,1_m,T3,Turbinaria peltata,Large,Bleached,1,
Tung Ping Chau,2024-08-09,1_m,T3,Turbinaria peltata,Medium,Bleached,1,
Tung Ping Chau,2024-08-09,1_m,T3,Goniopora columna or sp.,Small,Bleached,1,
Tung Ping Chau,2024-08-09,1_m,T3,Dipsastraea rotumana / speciosa,Large,Bleached,1,
Tung Ping Chau,2024-08-09,1_m,T3,Dipsastraea rotumana / speciosa,Medium,Partial bleached,1,
Tung Ping Chau,2024-08-09,1_m,T3,Dipsastraea rotumana / speciosa,Medium,Bleached,5,
Tung Ping Chau,2024-08-09,1_m,T3,Dipsastraea rotumana / speciosa,Small,Partial bleached,8,
Tung Ping Chau,2024-08-09,1_m,T3,Dipsastraea rotumana / speciosa,Small,Bleached,63,Decided to classify all the juvenile recruits as Dipsastrea but they could be F. abdita also or even Goniastrea
Tung Ping Chau,2024-08-09,1_m,T3,Favites pentagona,Small,Partial bleached,1,
Tung Ping Chau,2024-08-09,1_m,T3,Favites pentagona,Small,Bleached,1,
Tung Ping Chau,2024-08-09,1_m,T3,Favites abdita or sp.,Small,Partial bleached,1,
Tung Ping Chau,2024-08-09,1_m,T3,Favites chinensis  / Gonia aspera,Large,Bleached,1,
Tung Ping Chau,2024-08-09,1_m,T3,Favites chinensis  / Gonia aspera,Medium,Bleached,1,
Tung Ping Chau,2024-08-09,1_m,T3,Favites chinensis  / Gonia aspera,Small,Pigmented,2,
Tung Ping Chau,2024-08-09,1_m,T3,Favites chinensis  / Gonia aspera,Small,Partial bleached,1,
Tung Ping Chau,2024-08-09,1_m,T3,Favites chinensis  / Gonia aspera,Small,Bleached,22,
Tung Ping Chau,2024-08-09,1_m,T3,Psammocora superficialis,Small,Partial bleached,1,
Tung Ping Chau,2024-08-09,1_m,T3,Psammocora superficialis,Small,Bleached,4,
Tung Ping Chau,2024-08-09,1_m,T3,Acanthastrea hempirichii,Small,Bleached,1,
Tung Ping Chau,2024-08-09,1_m,T3,Unknown,Small,Bleached,1,
Tung Ping Chau,2024-11-06,1_m,T1,Porites lutea,Medium,Pigmented,2,"Note from the field: a lot partial mortality, especially Dipsastrea (or any kind of large corallite massive bouldering corals). Will they survive of finally die completetly"
Tung Ping Chau,2024-11-06,1_m,T1,Porites lutea,Small,Pigmented,9,Remember that dead is if more than 1/2 has partial mortality
Tung Ping Chau,2024-11-06,1_m,T1,Porites lutea,Small,Partial bleached,2,
Tung Ping Chau,2024-11-06,1_m,T1,Platygyra carnosus / acuta,Medium,Partial bleached,1,
Tung Ping Chau,2024-11-06,1_m,T1,Platygyra carnosus / acuta,Small,Pigmented,2,
Tung Ping Chau,2024-11-06,1_m,T1,Platygyra carnosus / acuta,Small,Partial bleached,4,
Tung Ping Chau,2024-11-06,1_m,T1,Dipsastraea rotumana / speciosa,Medium,Partial bleached,1,
Tung Ping Chau,2024-11-06,1_m,T1,Dipsastraea rotumana / speciosa,Small,Pigmented,26,
Tung Ping Chau,2024-11-06,1_m,T1,Dipsastraea rotumana / speciosa,Small,Partial bleached,4,
Tung Ping Chau,2024-11-06,1_m,T1,Dipsastraea rotumana / speciosa,Small,Bleached,1,
Tung Ping Chau,2024-11-06,1_m,T1,Dipsastraea rotumana / speciosa,Small,Dead,22,
Tung Ping Chau,2024-11-06,1_m,T1,Favites chinensis  / Gonia aspera,Medium,Pigmented,1,
Tung Ping Chau,2024-11-06,1_m,T1,Favites chinensis  / Gonia aspera,Small,Pigmented,7,
Tung Ping Chau,2024-11-06,1_m,T1,Favites chinensis  / Gonia aspera,Small,Partial bleached,3,
Tung Ping Chau,2024-11-06,1_m,T2,Porites lutea,Medium,Pigmented,3,
Tung Ping Chau,2024-11-06,1_m,T2,Porites lutea,Small,Pigmented,12,
Tung Ping Chau,2024-11-06,1_m,T2,Porites lutea,Small,Partial bleached,4,
Tung Ping Chau,2024-11-06,1_m,T2,Platygyra carnosus / acuta,Medium,Partial bleached,1,
Tung Ping Chau,2024-11-06,1_m,T2,Dipsastraea rotumana / speciosa,Medium,Dead,3,
Tung Ping Chau,2024-11-06,1_m,T2,Dipsastraea rotumana / speciosa,Small,Pigmented,40,
Tung Ping Chau,2024-11-06,1_m,T2,Dipsastraea rotumana / speciosa,Small,Partial bleached,1,
Tung Ping Chau,2024-11-06,1_m,T2,Dipsastraea rotumana / speciosa,Small,Bleached,2,
Tung Ping Chau,2024-11-06,1_m,T2,Dipsastraea rotumana / speciosa,Small,Dead,31,"Seriously, all these dead had more than half of the colony dead…"
Tung Ping Chau,2024-11-06,1_m,T2,Favites abdita or sp.,Medium,Partial bleached,1,
Tung Ping Chau,2024-11-06,1_m,T2,Favites abdita or sp.,Small,Pigmented,2,
Tung Ping Chau,2024-11-06,1_m,T2,Favites abdita or sp.,Small,Dead,1,
Tung Ping Chau,2024-11-06,1_m,T2,Favites chinensis  / Gonia aspera,Medium,Pigmented,2,
Tung Ping Chau,2024-11-06,1_m,T2,Favites chinensis  / Gonia aspera,Small,Pigmented,16,
Tung Ping Chau,2024-11-06,1_m,T2,Favites chinensis  / Gonia aspera,Small,Partial bleached,3,
Tung Ping Chau,2024-11-06,1_m,T2,Favites chinensis  / Gonia aspera,Small,Dead,3,
Tung Ping Chau,2024-11-06,1_m,T3,Porites lutea,Medium,Pigmented,3,
Tung Ping Chau,2024-11-06,1_m,T3,Porites lutea,Small,Pigmented,8,
Tung Ping Chau,2024-11-06,1_m,T3,Porites lutea,Small,Partial bleached,1,
Tung Ping Chau,2024-11-06,1_m,T3,Platygyra carnosus / acuta,Medium,Pigmented,4,
Tung Ping Chau,2024-11-06,1_m,T3,Platygyra carnosus / acuta,Medium,Partial bleached,2,
Tung Ping Chau,2024-11-06,1_m,T3,Platygyra carnosus / acuta,Medium,Bleached,1,
Tung Ping Chau,2024-11-06,1_m,T3,Platygyra carnosus / acuta,Small,Pigmented,1,
Tung Ping Chau,2024-11-06,1_m,T3,Platygyra carnosus / acuta,Small,Partial bleached,2,
Tung Ping Chau,2024-11-06,1_m,T3,Pavona decussata,Small,Bleached,1,
Tung Ping Chau,2024-11-06,1_m,T3,Dipsastraea rotumana / speciosa,Medium,Pigmented,2,
Tung Ping Chau,2024-11-06,1_m,T3,Dipsastraea rotumana / speciosa,Small,Pigmented,22,
Tung Ping Chau,2024-11-06,1_m,T3,Dipsastraea rotumana / speciosa,Small,Partial bleached,2,
Tung Ping Chau,2024-11-06,1_m,T3,Dipsastraea rotumana / speciosa,Small,Dead,11,
Tung Ping Chau,2024-11-06,1_m,T3,Favites pentagona,Small,Pigmented,1,
Tung Ping Chau,2024-11-06,1_m,T3,Favites chinensis  / Gonia aspera,Small,Pigmented,2,
Tung Ping Chau,2024-11-06,1_m,T3,Porites aranetai / deformis,Small,Pigmented,1,